2026-05-07 08:41:10,426 - last_duan.utils - INFO - 📦 last_duan 包加载成功
2026-05-07 08:41:12,818 - last_duan.main - INFO - 🏗️ 创建 FastAPI 应用...
2026-05-07 08:41:12,843 - last_duan.main - INFO - 📡 注册 API 路由...
2026-05-07 08:41:13,280 - last_duan.main - INFO - ✅ FastAPI 应用创建完成
2026-05-07 08:43:37,822 - __main__ - INFO - 🚀 开始初始化服务...
2026-05-07 08:43:37,822 - __main__ - INFO - 📊 初始化 MySQL 数据库...
2026-05-07 08:43:37,822 - __main__ - ERROR - ❌ 服务启动失败: attempted relative import with no known parent package
Traceback (most recent call last):
  File "D:\桌面\ai对话系统\project_root\last_duan\main.py", line 145, in main
    init_services()
  File "D:\桌面\ai对话系统\project_root\last_duan\main.py", line 42, in init_services
    from .database import init_database
ImportError: attempted relative import with no known parent package
2026-05-07 08:49:10,504 - __main__ - INFO - 🚀 开始初始化服务...
2026-05-07 08:49:10,504 - __main__ - INFO - 📊 初始化 MySQL 数据库...
2026-05-07 08:49:10,852 - database - INFO - MySQL 数据库初始化完成
2026-05-07 08:49:10,852 - __main__ - INFO - ✅ MySQL 数据库初始化成功
2026-05-07 08:49:10,852 - __main__ - INFO - 📚 初始化 Milvus 向量数据库...
2026-05-07 08:49:13,085 - numexpr.utils - INFO - Note: NumExpr detected 12 cores but "NUMEXPR_MAX_THREADS" not set, so enforcing safe limit of 8.
2026-05-07 08:49:13,086 - numexpr.utils - INFO - NumExpr defaulting to 8 threads.
2026-05-07 08:49:14,287 - database - INFO - 📋 Milvus 配置信息: host=192.168.18.128, port=19530, ssl=False, timeout=30s
2026-05-07 08:49:14,287 - database - INFO - 🔄 连接 Milvus (第 1/3 次尝试): 192.168.18.128:19530
2026-05-07 08:49:44,348 - database - WARNING - ❌ Milvus 连接失败 (尝试 1/3): <MilvusException: (code=2, message=Fail connecting to server on 192.168.18.128:19530, illegal connection params or server unavailable)>
2026-05-07 08:49:44,349 - database - ERROR - 🔍 连接被拒绝！请检查：
2026-05-07 08:49:44,349 - database - ERROR -    1. Milvus 服务是否正在运行
2026-05-07 08:49:44,349 - database - ERROR -    2. Milvus 主机地址是否正确
2026-05-07 08:49:44,349 - database - ERROR -    3. Milvus 端口是否正确 (默认19530)
2026-05-07 08:49:44,349 - database - ERROR -    4. 防火墙是否允许访问
2026-05-07 08:49:44,349 - database - INFO - ⏳ 等待 2 秒后重试...
2026-05-07 08:49:46,350 - database - INFO - 🔄 连接 Milvus (第 2/3 次尝试): 192.168.18.128:19530
2026-05-07 08:50:16,543 - database - WARNING - ❌ Milvus 连接失败 (尝试 2/3): <MilvusException: (code=2, message=Fail connecting to server on 192.168.18.128:19530, illegal connection params or server unavailable)>
2026-05-07 08:50:16,544 - database - ERROR - 🔍 连接被拒绝！请检查：
2026-05-07 08:50:16,544 - database - ERROR -    1. Milvus 服务是否正在运行
2026-05-07 08:50:16,544 - database - ERROR -    2. Milvus 主机地址是否正确
2026-05-07 08:50:16,544 - database - ERROR -    3. Milvus 端口是否正确 (默认19530)
2026-05-07 08:50:16,544 - database - ERROR -    4. 防火墙是否允许访问
2026-05-07 08:50:16,545 - database - INFO - ⏳ 等待 2 秒后重试...
2026-05-07 08:50:18,545 - database - INFO - 🔄 连接 Milvus (第 3/3 次尝试): 192.168.18.128:19530
2026-05-07 08:50:48,561 - database - WARNING - ❌ Milvus 连接失败 (尝试 3/3): <MilvusException: (code=2, message=Fail connecting to server on 192.168.18.128:19530, illegal connection params or server unavailable)>
2026-05-07 08:50:48,561 - database - ERROR - 🔍 连接被拒绝！请检查：
2026-05-07 08:50:48,561 - database - ERROR -    1. Milvus 服务是否正在运行
2026-05-07 08:50:48,561 - database - ERROR -    2. Milvus 主机地址是否正确
2026-05-07 08:50:48,561 - database - ERROR -    3. Milvus 端口是否正确 (默认19530)
2026-05-07 08:50:48,562 - database - ERROR -    4. 防火墙是否允许访问
2026-05-07 08:50:48,562 - __main__ - WARNING - ⚠️ Milvus 向量数据库初始化失败（将使用本地缓存模式）: <MilvusException: (code=2, message=Fail connecting to server on 192.168.18.128:19530, illegal connection params or server unavailable)>
2026-05-07 08:50:48,562 - __main__ - INFO - 🔍 诊断 Milvus 连接问题...
2026-05-07 08:50:48,562 - database - INFO - 🔍 开始诊断 Milvus 连接...
2026-05-07 08:56:18,644 - __main__ - INFO - 🚀 开始初始化服务...
2026-05-07 08:56:18,644 - __main__ - INFO - 📊 初始化 MySQL 数据库...
2026-05-07 08:56:19,109 - database - INFO - MySQL 数据库初始化完成
2026-05-07 08:56:19,109 - __main__ - INFO - ✅ MySQL 数据库初始化成功
2026-05-07 08:56:19,109 - __main__ - INFO - 📚 初始化 Milvus 向量数据库...
2026-05-07 08:56:19,566 - database - INFO - 📋 Milvus 配置信息: host=192.168.18.128, port=19530, ssl=False, timeout=30s
2026-05-07 08:56:19,566 - database - INFO - 🔄 连接 Milvus (第 1/3 次尝试): 192.168.18.128:19530
2026-05-07 08:56:49,768 - database - WARNING - ❌ Milvus 连接失败 (尝试 1/3): <MilvusException: (code=2, message=Fail connecting to server on 192.168.18.128:19530, illegal connection params or server unavailable)>
2026-05-07 08:56:49,768 - database - ERROR - 🔍 连接被拒绝！请检查：
2026-05-07 08:56:49,768 - database - ERROR -    1. Milvus 服务是否正在运行
2026-05-07 08:56:49,768 - database - ERROR -    2. Milvus 主机地址是否正确
2026-05-07 08:56:49,768 - database - ERROR -    3. Milvus 端口是否正确 (默认19530)
2026-05-07 08:56:49,769 - database - ERROR -    4. 防火墙是否允许访问
2026-05-07 08:56:49,769 - database - INFO - ⏳ 等待 2 秒后重试...
2026-05-07 08:56:51,776 - database - INFO - 🔄 连接 Milvus (第 2/3 次尝试): 192.168.18.128:19530
2026-05-07 08:57:21,796 - database - WARNING - ❌ Milvus 连接失败 (尝试 2/3): <MilvusException: (code=2, message=Fail connecting to server on 192.168.18.128:19530, illegal connection params or server unavailable)>
2026-05-07 08:57:21,796 - database - ERROR - 🔍 连接被拒绝！请检查：
2026-05-07 08:57:21,796 - database - ERROR -    1. Milvus 服务是否正在运行
2026-05-07 08:57:21,796 - database - ERROR -    2. Milvus 主机地址是否正确
2026-05-07 08:57:21,797 - database - ERROR -    3. Milvus 端口是否正确 (默认19530)
2026-05-07 08:57:21,797 - database - ERROR -    4. 防火墙是否允许访问
2026-05-07 08:57:21,797 - database - INFO - ⏳ 等待 2 秒后重试...
2026-05-07 08:57:23,808 - database - INFO - 🔄 连接 Milvus (第 3/3 次尝试): 192.168.18.128:19530
2026-05-07 08:57:53,837 - database - WARNING - ❌ Milvus 连接失败 (尝试 3/3): <MilvusException: (code=2, message=Fail connecting to server on 192.168.18.128:19530, illegal connection params or server unavailable)>
2026-05-07 08:57:53,837 - database - ERROR - 🔍 连接被拒绝！请检查：
2026-05-07 08:57:53,837 - database - ERROR -    1. Milvus 服务是否正在运行
2026-05-07 08:57:53,838 - database - ERROR -    2. Milvus 主机地址是否正确
2026-05-07 08:57:53,838 - database - ERROR -    3. Milvus 端口是否正确 (默认19530)
2026-05-07 08:57:53,838 - database - ERROR -    4. 防火墙是否允许访问
2026-05-07 08:57:53,838 - __main__ - WARNING - ⚠️ Milvus 向量数据库初始化失败（将使用本地缓存模式）: <MilvusException: (code=2, message=Fail connecting to server on 192.168.18.128:19530, illegal connection params or server unavailable)>
2026-05-07 08:57:53,838 - __main__ - INFO - 🔍 诊断 Milvus 连接问题...
2026-05-07 08:57:53,838 - database - INFO - 🔍 开始诊断 Milvus 连接...
2026-05-07 08:58:28,898 - __main__ - INFO -    ❌ 网络连接失败: 端口 19530 无法访问
2026-05-07 08:58:28,898 - __main__ - INFO -    ❌ Milvus 连接失败: <MilvusException: (code=2, message=Fail connecting to server on 192.168.18.128:19530, illegal connection params or server unavailable)>
2026-05-07 08:58:28,898 - __main__ - INFO -    💡 请检查 Milvus 服务是否正在运行
2026-05-07 08:58:28,900 - __main__ - INFO -    💡 请检查防火墙设置，确保端口 19530 已开放
2026-05-07 08:58:28,900 - __main__ - INFO -    💡 错误详情: <MilvusException: (code=2, message=Fail connecting to server on 192.168.18.128:19530, illegal connection params or server unavailable)>
2026-05-07 08:58:28,900 - __main__ - INFO - 🧠 加载向量化模型...
2026-05-07 08:58:28,900 - utils - INFO - 加载 BGE-m3 模型: D:\模型\bge_m3_model
2026-05-07 08:59:04,551 - sentence_transformers.SentenceTransformer - INFO - Use pytorch device_name: cpu
2026-05-07 08:59:04,551 - sentence_transformers.SentenceTransformer - INFO - Load pretrained SentenceTransformer: D:\模型\bge_m3_model
2026-05-07 08:59:04,553 - sentence_transformers.SentenceTransformer - WARNING - No sentence-transformers model found with name D:\模型\bge_m3_model. Creating a new one with mean pooling.
2026-05-07 08:59:05,632 - utils - INFO - ✅ BGE-m3 模型加载成功
2026-05-07 08:59:05,632 - __main__ - INFO - ✅ BGE-m3 向量化模型加载成功
2026-05-07 08:59:05,633 - utils - INFO - 加载 BGE-reranker 模型: D:\模型\bge-reranker-base
2026-05-07 08:59:05,737 - utils - INFO - 使用设备: cpu
2026-05-07 08:59:07,311 - utils - INFO - ✅ BGE-reranker 模型加载成功
2026-05-07 08:59:07,311 - __main__ - INFO - ✅ BGE-reranker 重排序模型加载成功
2026-05-07 08:59:07,311 - __main__ - INFO - 🔌 加载 Redis 客户端...
2026-05-07 08:59:07,311 - utils - INFO - 连接 Redis: localhost:6379
2026-05-07 08:59:09,451 - utils - INFO - ✅ Redis 连接成功
2026-05-07 08:59:09,452 - __main__ - INFO - ✅ Redis 客户端加载成功
2026-05-07 08:59:09,452 - __main__ - INFO - 🎉 服务初始化完成
2026-05-07 08:59:09,452 - __main__ - INFO - 🏗️ 创建 FastAPI 应用...
2026-05-07 08:59:09,452 - __main__ - INFO - 📡 注册 API 路由...
2026-05-07 08:59:09,477 - __main__ - INFO - ✅ FastAPI 应用创建完成
2026-05-07 08:59:09,478 - __main__ - INFO - 🚀 服务启动准备完成，端口: 8000
2026-05-07 09:00:14,055 - database - INFO - 用户登录成功: 13, 用户ID: 5
2026-05-07 09:00:21,174 - api - INFO - 收到流式聊天请求: user_id=5, role_id=1, has_file=False
2026-05-07 09:00:21,175 - api - INFO - 原问题: 你好... -> 改写后: 你好...
2026-05-07 09:00:21,182 - api - WARNING - 流式生成失败: attempted relative import with no known parent package
2026-05-07 09:00:25,571 - api - INFO - 收到流式聊天请求: user_id=5, role_id=1, has_file=False
2026-05-07 09:00:25,571 - api - INFO - 原问题: 给我讲个笑话... -> 改写后: 给我讲个笑话...
2026-05-07 09:00:25,575 - api - WARNING - 流式生成失败: attempted relative import with no known parent package
2026-05-07 09:02:32,386 - __main__ - INFO - 🚀 开始初始化服务...
2026-05-07 09:02:32,388 - __main__ - INFO - 📊 初始化 MySQL 数据库...
2026-05-07 09:02:33,049 - database - INFO - MySQL 数据库初始化完成
2026-05-07 09:02:33,051 - __main__ - INFO - ✅ MySQL 数据库初始化成功
2026-05-07 09:02:33,051 - __main__ - INFO - 📚 初始化 Milvus 向量数据库...
2026-05-07 09:02:36,247 - numexpr.utils - INFO - Note: NumExpr detected 12 cores but "NUMEXPR_MAX_THREADS" not set, so enforcing safe limit of 8.
2026-05-07 09:02:36,247 - numexpr.utils - INFO - NumExpr defaulting to 8 threads.
2026-05-07 09:02:38,113 - database - INFO - 📋 Milvus 配置信息: host=192.168.18.128, port=19530, ssl=False, timeout=30s
2026-05-07 09:02:38,114 - database - INFO - 🔄 连接 Milvus (第 1/3 次尝试, 标准连接): 192.168.18.128:19530
2026-05-07 09:03:08,191 - database - INFO - 🔄 连接 Milvus (第 1/3 次尝试, 无别名连接): 192.168.18.128:19530
2026-05-07 09:08:46,397 - __main__ - INFO - 🚀 开始初始化服务...
2026-05-07 09:08:46,397 - __main__ - INFO - 📊 初始化 MySQL 数据库...
2026-05-07 09:08:46,586 - database - INFO - MySQL 数据库初始化完成
2026-05-07 09:08:46,586 - __main__ - INFO - ✅ MySQL 数据库初始化成功
2026-05-07 09:08:46,586 - __main__ - INFO - 📚 初始化 Milvus 向量数据库...
2026-05-07 09:08:47,380 - numexpr.utils - INFO - Note: NumExpr detected 12 cores but "NUMEXPR_MAX_THREADS" not set, so enforcing safe limit of 8.
2026-05-07 09:08:47,381 - numexpr.utils - INFO - NumExpr defaulting to 8 threads.
2026-05-07 09:08:48,192 - database - INFO - 📋 Milvus 配置信息: host=192.168.18.128, port=19530, ssl=False, timeout=30s
2026-05-07 09:08:48,192 - database - INFO - 🔄 连接 Milvus (第 1/3 次尝试, 标准连接): 192.168.18.128:19530
2026-05-07 09:09:08,257 - database - INFO - ✅ Milvus 连接成功，版本: 2.6.9
2026-05-07 09:09:08,285 - database - INFO - 📚 初始化 11 个角色知识库集合...
2026-05-07 09:09:08,428 - database - INFO - ✅ 角色知识库集合初始化完成
2026-05-07 09:09:08,445 - database - INFO - ✅ 长期记忆集合初始化完成
2026-05-07 09:09:08,459 - database - INFO - ✅ 股票数据集合初始化完成
2026-05-07 09:09:08,460 - __main__ - INFO - ✅ Milvus 向量数据库初始化成功
2026-05-07 09:09:08,460 - __main__ - INFO - 🔄 初始化角色知识库...
2026-05-07 09:09:08,638 - __main__ - INFO - ✅ 角色知识库初始化完成
2026-05-07 09:09:08,638 - __main__ - INFO - 🧠 加载向量化模型...
2026-05-07 09:09:08,639 - utils - INFO - 加载 BGE-m3 模型: D:\模型\bge_m3_model
2026-05-07 09:10:23,859 - __main__ - INFO - 🏗️ 创建 FastAPI 应用...
2026-05-07 09:10:23,876 - __main__ - INFO - 📡 注册 API 路由...
2026-05-07 09:10:23,952 - __main__ - INFO - ✅ FastAPI 应用创建完成
2026-05-07 09:10:30,240 - __main__ - INFO - 🚀 开始初始化服务...
2026-05-07 09:10:30,241 - __main__ - INFO - 📊 初始化 MySQL 数据库...
2026-05-07 09:10:30,470 - database - INFO - MySQL 数据库初始化完成
2026-05-07 09:10:30,470 - __main__ - INFO - ✅ MySQL 数据库初始化成功
2026-05-07 09:10:30,470 - __main__ - INFO - 📚 初始化 Milvus 向量数据库...
2026-05-07 09:10:30,878 - database - INFO - 📋 Milvus 配置信息: host=192.168.18.128, port=19530, ssl=False, timeout=30s
2026-05-07 09:10:30,878 - database - INFO - 🔄 连接 Milvus (第 1/3 次尝试, 标准连接): 192.168.18.128:19530
2026-05-07 09:10:30,918 - database - INFO - ✅ Milvus 连接成功，版本: 2.6.9
2026-05-07 09:10:30,921 - database - INFO - 📚 初始化 11 个角色知识库集合...
2026-05-07 09:10:31,106 - database - INFO - ✅ 角色知识库集合初始化完成
2026-05-07 09:10:31,123 - database - INFO - ✅ 长期记忆集合初始化完成
2026-05-07 09:10:31,139 - database - INFO - ✅ 股票数据集合初始化完成
2026-05-07 09:10:31,139 - __main__ - INFO - ✅ Milvus 向量数据库初始化成功
2026-05-07 09:10:31,139 - __main__ - INFO - 🔄 初始化角色知识库...
2026-05-07 09:10:31,390 - __main__ - INFO - ✅ 角色知识库初始化完成
2026-05-07 09:10:31,390 - __main__ - INFO - 🧠 加载向量化模型...
2026-05-07 09:10:31,390 - utils - INFO - 加载 BGE-m3 模型: D:\模型\bge_m3_model
2026-05-07 09:10:43,454 - sentence_transformers.SentenceTransformer - INFO - Use pytorch device_name: cpu
2026-05-07 09:10:43,454 - sentence_transformers.SentenceTransformer - INFO - Load pretrained SentenceTransformer: D:\模型\bge_m3_model
2026-05-07 09:10:43,455 - sentence_transformers.SentenceTransformer - WARNING - No sentence-transformers model found with name D:\模型\bge_m3_model. Creating a new one with mean pooling.
2026-05-07 09:10:44,491 - utils - INFO - ✅ BGE-m3 模型加载成功
2026-05-07 09:10:44,491 - __main__ - INFO - ✅ BGE-m3 向量化模型加载成功
2026-05-07 09:10:44,491 - utils - INFO - 加载 BGE-reranker 模型: D:\模型\bge-reranker-base
2026-05-07 09:10:44,607 - utils - INFO - 使用设备: cpu
2026-05-07 09:10:46,243 - utils - INFO - ✅ BGE-reranker 模型加载成功
2026-05-07 09:10:46,243 - __main__ - INFO - ✅ BGE-reranker 重排序模型加载成功
2026-05-07 09:10:46,243 - __main__ - INFO - 🔌 加载 Redis 客户端...
2026-05-07 09:10:46,243 - utils - INFO - 连接 Redis: localhost:6379
2026-05-07 09:10:48,359 - utils - INFO - ✅ Redis 连接成功
2026-05-07 09:10:48,359 - __main__ - INFO - ✅ Redis 客户端加载成功
2026-05-07 09:10:48,359 - __main__ - INFO - 🎉 服务初始化完成
2026-05-07 09:10:48,359 - __main__ - INFO - 🏗️ 创建 FastAPI 应用...
2026-05-07 09:10:48,360 - __main__ - INFO - 📡 注册 API 路由...
2026-05-07 09:10:48,386 - __main__ - INFO - ✅ FastAPI 应用创建完成
2026-05-07 09:10:48,386 - __main__ - INFO - 🚀 服务启动准备完成，端口: 8000
2026-05-07 09:10:48,908 - sentence_transformers.SentenceTransformer - INFO - Use pytorch device_name: cpu
2026-05-07 09:10:48,909 - sentence_transformers.SentenceTransformer - INFO - Load pretrained SentenceTransformer: D:\模型\bge_m3_model
2026-05-07 09:10:48,909 - sentence_transformers.SentenceTransformer - WARNING - No sentence-transformers model found with name D:\模型\bge_m3_model. Creating a new one with mean pooling.
2026-05-07 09:10:52,094 - utils - INFO - ✅ BGE-m3 模型加载成功
2026-05-07 09:10:52,095 - __main__ - INFO - ✅ BGE-m3 向量化模型加载成功
2026-05-07 09:10:52,095 - utils - INFO - 加载 BGE-reranker 模型: D:\模型\bge-reranker-base
2026-05-07 09:10:52,281 - utils - INFO - 使用设备: cpu
2026-05-07 09:10:56,777 - utils - INFO - ✅ BGE-reranker 模型加载成功
2026-05-07 09:10:56,777 - __main__ - INFO - ✅ BGE-reranker 重排序模型加载成功
2026-05-07 09:10:56,777 - __main__ - INFO - 🔌 加载 Redis 客户端...
2026-05-07 09:10:56,778 - utils - INFO - 连接 Redis: localhost:6379
2026-05-07 09:10:59,055 - utils - INFO - ✅ Redis 连接成功
2026-05-07 09:10:59,055 - __main__ - INFO - ✅ Redis 客户端加载成功
2026-05-07 09:10:59,055 - __main__ - INFO - 🎉 服务初始化完成
2026-05-07 09:10:59,055 - __main__ - INFO - 🏗️ 创建 FastAPI 应用...
2026-05-07 09:10:59,056 - __main__ - INFO - 📡 注册 API 路由...
2026-05-07 09:10:59,168 - __main__ - INFO - ✅ FastAPI 应用创建完成
2026-05-07 09:10:59,168 - __main__ - INFO - 🚀 服务启动准备完成，端口: 8000
2026-05-07 09:11:35,415 - database - INFO - 用户登录成功: 13, 用户ID: 5
2026-05-07 09:11:40,837 - api - INFO - 收到流式聊天请求: user_id=5, role_id=1, has_file=False
2026-05-07 09:11:40,839 - api - INFO - 原问题: 你好... -> 改写后: 你好...
2026-05-07 09:11:44,584 - database - INFO - 开始重建 BM25 模型: financial_knowledge_role_1
2026-05-07 09:11:46,424 - database - INFO - BM25 模型重建完成: financial_knowledge_role_1，包含 5 条文档
2026-05-07 09:11:52,027 - httpx - INFO - HTTP Request: POST https://api.deepseek.com/v1/chat/completions "HTTP/1.1 200 OK"
2026-05-07 09:11:52,032 - api - INFO - 开始流式输出...
2026-05-07 09:11:56,651 - api - INFO - 流式输出完成，总长度: 469
2026-05-07 09:12:00,261 - database - INFO - 已存储长期记忆: user=5, role=1
2026-05-07 09:12:27,648 - api - INFO - 收到流式聊天请求: user_id=5, role_id=1, has_file=False
2026-05-07 09:12:27,649 - api - INFO - 原问题: 帮我分析一下当前市场趋势... -> 改写后: 帮我分析一下当前市场趋势...
2026-05-07 09:12:29,559 - httpx - INFO - HTTP Request: POST https://api.deepseek.com/v1/chat/completions "HTTP/1.1 200 OK"
2026-05-07 09:12:29,560 - api - INFO - 开始流式输出...
2026-05-07 09:12:41,525 - api - INFO - 流式输出完成，总长度: 1363
2026-05-07 09:12:47,293 - database - INFO - 已存储长期记忆: user=5, role=1
2026-05-07 09:21:25,787 - api - INFO - 原始查询: 测试问题 1: 什么是人工智能？ -> 改写后: 测试问题 1: 什么是人工智能？
2026-05-07 09:21:27,696 - api - INFO - 多源检索完成，耗时: 1.91秒
2026-05-07 09:21:28,078 - httpx - INFO - HTTP Request: POST https://api.deepseek.com/v1/chat/completions "HTTP/1.1 200 OK"
2026-05-07 09:21:32,980 - database - INFO - 已存储长期记忆: user=1, role=1
2026-05-07 09:21:32,985 - api - INFO - 原始查询: 测试问题 2: 什么是人工智能？ -> 改写后: 测试问题 2: 什么是人工智能？
2026-05-07 09:21:34,546 - api - INFO - 多源检索完成，耗时: 1.56秒
2026-05-07 09:21:34,751 - httpx - INFO - HTTP Request: POST https://api.deepseek.com/v1/chat/completions "HTTP/1.1 200 OK"
2026-05-07 09:21:42,156 - database - INFO - 已存储长期记忆: user=2, role=1
2026-05-07 09:21:42,160 - api - INFO - 原始查询: 测试问题 3: 什么是人工智能？ -> 改写后: 测试问题 3: 什么是人工智能？
2026-05-07 09:21:43,780 - api - INFO - 多源检索完成，耗时: 1.62秒
2026-05-07 09:21:44,088 - httpx - INFO - HTTP Request: POST https://api.deepseek.com/v1/chat/completions "HTTP/1.1 200 OK"
2026-05-07 09:21:54,222 - database - INFO - 已存储长期记忆: user=3, role=1
2026-05-07 09:21:54,227 - api - INFO - 收到文件: test.txt, 类型: text/plain, 数据长度: 190
2026-05-07 09:21:54,229 - api - ERROR - 文件解析异常: Incorrect padding
2026-05-07 09:21:54,229 - api - INFO - 文件内容提取完成，长度: 25字符
2026-05-07 09:21:54,230 - api - INFO - 原始查询: 请分析这个文件的内容 -> 改写后: 请分析这个文件的内容
2026-05-07 09:21:55,798 - api - INFO - 多源检索完成，耗时: 1.57秒
2026-05-07 09:21:56,110 - httpx - INFO - HTTP Request: POST https://api.deepseek.com/v1/chat/completions "HTTP/1.1 200 OK"
2026-05-07 09:22:04,397 - database - INFO - 已存储长期记忆: user=1, role=1
2026-05-07 09:23:25,129 - api - INFO - 缓存命中，直接返回
2026-05-07 09:23:25,133 - api - INFO - 缓存命中，直接返回
2026-05-07 09:23:25,135 - api - INFO - 缓存命中，直接返回
2026-05-07 09:23:25,140 - api - INFO - 收到文件: test.txt, 类型: text/plain, 数据长度: 190
2026-05-07 09:23:25,140 - api - ERROR - 文件解析异常: Incorrect padding
2026-05-07 09:23:25,141 - api - INFO - 文件内容提取完成，长度: 25字符
2026-05-07 09:23:25,141 - api - INFO - 原始查询: 请分析这个文件的内容 -> 改写后: 请分析这个文件的内容
2026-05-07 09:23:26,992 - api - INFO - 多源检索完成，耗时: 1.85秒
2026-05-07 09:23:27,527 - httpx - INFO - HTTP Request: POST https://api.deepseek.com/v1/chat/completions "HTTP/1.1 200 OK"
2026-05-07 09:23:31,976 - database - INFO - 已存储长期记忆: user=1, role=1
2026-05-07 09:25:41,908 - api - INFO - 原始查询: 请简单介绍一下你自己 -> 改写后: 请简单介绍一下你自己
2026-05-07 09:25:43,896 - api - INFO - 多源检索完成，耗时: 1.99秒
2026-05-07 09:25:44,173 - httpx - INFO - HTTP Request: POST https://api.deepseek.com/v1/chat/completions "HTTP/1.1 200 OK"
2026-05-07 09:25:49,724 - database - INFO - 已存储长期记忆: user=1, role=1
2026-05-07 09:25:49,729 - api - INFO - 缓存命中，直接返回
2026-05-07 09:25:49,730 - api - INFO - 原始查询: 请简单介绍一下你自己 -> 改写后: 请简单介绍一下你自己
2026-05-07 09:25:51,482 - api - INFO - 多源检索完成，耗时: 1.75秒
2026-05-07 09:25:51,599 - httpx - INFO - HTTP Request: POST https://api.deepseek.com/v1/chat/completions "HTTP/1.1 200 OK"
2026-05-07 09:25:59,991 - database - INFO - 已存储长期记忆: user=2, role=1
2026-05-07 09:25:59,993 - api - INFO - 原始查询: 请简单介绍一下你自己 -> 改写后: 请简单介绍一下你自己
2026-05-07 09:26:01,623 - api - INFO - 多源检索完成，耗时: 1.63秒
2026-05-07 09:26:02,199 - httpx - INFO - HTTP Request: POST https://api.deepseek.com/v1/chat/completions "HTTP/1.1 200 OK"
2026-05-07 09:26:10,855 - database - INFO - 已存储长期记忆: user=3, role=1
2026-05-07 09:26:10,857 - api - INFO - 原始查询: 请简单介绍一下你自己 -> 改写后: 请简单介绍一下你自己
2026-05-07 09:26:12,469 - api - INFO - 多源检索完成，耗时: 1.61秒
2026-05-07 09:26:13,153 - httpx - INFO - HTTP Request: POST https://api.deepseek.com/v1/chat/completions "HTTP/1.1 200 OK"
2026-05-07 09:26:22,257 - database - INFO - 已存储长期记忆: user=4, role=1
2026-05-07 09:26:22,260 - api - INFO - 原始查询: 请简单介绍一下你自己 -> 改写后: 请简单介绍一下你自己
2026-05-07 09:26:23,839 - api - INFO - 多源检索完成，耗时: 1.58秒
2026-05-07 09:26:24,410 - httpx - INFO - HTTP Request: POST https://api.deepseek.com/v1/chat/completions "HTTP/1.1 200 OK"
2026-05-07 09:26:31,567 - database - INFO - 已存储长期记忆: user=5, role=1
2026-05-07 09:26:31,572 - api - INFO - 缓存命中，直接返回
2026-05-07 09:26:31,574 - api - INFO - 缓存命中，直接返回
2026-05-07 09:26:31,575 - api - INFO - 缓存命中，直接返回
2026-05-07 09:26:31,577 - api - INFO - 缓存命中，直接返回
2026-05-07 09:26:31,579 - api - INFO - 缓存命中，直接返回
2026-05-07 09:26:31,583 - api - INFO - 缓存命中，直接返回
2026-05-07 09:26:31,584 - api - INFO - 缓存命中，直接返回
2026-05-07 09:26:31,586 - api - INFO - 缓存命中，直接返回
2026-05-07 09:26:31,587 - api - INFO - 缓存命中，直接返回
2026-05-07 09:26:31,588 - api - INFO - 缓存命中，直接返回
2026-05-07 09:35:11,229 - api - INFO - 原始查询: 请简单介绍一下你自己 -> 改写后: 请简单介绍一下你自己
2026-05-07 09:35:14,439 - api - INFO - 多源检索完成，耗时: 3.21秒
2026-05-07 09:35:14,876 - httpx - INFO - HTTP Request: POST https://api.deepseek.com/v1/chat/completions "HTTP/1.1 200 OK"
2026-05-07 09:35:21,368 - database - INFO - 已存储长期记忆: user=1, role=1
2026-05-07 09:35:21,379 - api - INFO - 缓存命中，直接返回
2026-05-07 09:35:21,385 - api - INFO - 原始查询: 请简单介绍一下你自己 -> 改写后: 请简单介绍一下你自己
2026-05-07 09:35:23,893 - api - INFO - 多源检索完成，耗时: 2.51秒
2026-05-07 09:35:24,147 - httpx - INFO - HTTP Request: POST https://api.deepseek.com/v1/chat/completions "HTTP/1.1 200 OK"
2026-05-07 09:35:32,590 - database - INFO - 已存储长期记忆: user=2, role=1
2026-05-07 09:35:32,593 - api - INFO - 原始查询: 请简单介绍一下你自己 -> 改写后: 请简单介绍一下你自己
2026-05-07 09:35:34,547 - api - INFO - 多源检索完成，耗时: 1.95秒
2026-05-07 09:35:34,760 - httpx - INFO - HTTP Request: POST https://api.deepseek.com/v1/chat/completions "HTTP/1.1 200 OK"
2026-05-07 09:35:42,915 - database - INFO - 已存储长期记忆: user=3, role=1
2026-05-07 09:35:42,929 - api - INFO - 原始查询: 请简单介绍一下你自己 -> 改写后: 请简单介绍一下你自己
2026-05-07 09:35:44,725 - api - INFO - 多源检索完成，耗时: 1.80秒
2026-05-07 09:35:45,262 - httpx - INFO - HTTP Request: POST https://api.deepseek.com/v1/chat/completions "HTTP/1.1 200 OK"
2026-05-07 09:35:54,291 - database - INFO - 已存储长期记忆: user=4, role=1
2026-05-07 09:35:54,295 - api - INFO - 原始查询: 请简单介绍一下你自己 -> 改写后: 请简单介绍一下你自己
2026-05-07 09:35:55,939 - api - INFO - 多源检索完成，耗时: 1.64秒
2026-05-07 09:35:56,325 - httpx - INFO - HTTP Request: POST https://api.deepseek.com/v1/chat/completions "HTTP/1.1 200 OK"
2026-05-07 09:36:03,365 - database - INFO - 已存储长期记忆: user=5, role=1
2026-05-07 09:36:03,370 - api - INFO - 缓存命中，直接返回
2026-05-07 09:36:03,371 - api - INFO - 缓存命中，直接返回
2026-05-07 09:36:03,373 - api - INFO - 缓存命中，直接返回
2026-05-07 09:36:03,375 - api - INFO - 缓存命中，直接返回
2026-05-07 09:36:03,376 - api - INFO - 缓存命中，直接返回
2026-05-07 09:36:03,381 - api - INFO - 缓存命中，直接返回
2026-05-07 09:36:03,382 - api - INFO - 缓存命中，直接返回
2026-05-07 09:36:03,384 - api - INFO - 缓存命中，直接返回
2026-05-07 09:36:03,384 - api - INFO - 缓存命中，直接返回
2026-05-07 09:36:03,394 - api - INFO - 缓存命中，直接返回
2026-05-07 09:41:28,104 - __main__ - INFO - 🚀 开始初始化服务...
2026-05-07 09:41:28,105 - __main__ - INFO - 📊 初始化 MySQL 数据库...
2026-05-07 09:41:28,135 - __main__ - ERROR - ❌ MySQL 数据库初始化失败: invalid character '、' (U+3001) (utils.py, line 101)
2026-05-07 09:41:28,135 - __main__ - ERROR - ❌ 服务启动失败: invalid character '、' (U+3001) (utils.py, line 101)
Traceback (most recent call last):
  File "D:\桌面\ai对话系统\project_root\last_duan\main.py", line 170, in main
    init_services()
  File "D:\桌面\ai对话系统\project_root\last_duan\main.py", line 60, in init_services
    import database
  File "D:\桌面\ai对话系统\project_root\last_duan\database.py", line 26, in <module>
    from utils import (
  File "D:\桌面\ai对话系统\project_root\last_duan\utils.py", line 101
    4. 保持友好、耐心的态度
           ^
SyntaxError: invalid character '、' (U+3001)
2026-05-07 09:42:14,378 - __main__ - INFO - 🚀 开始初始化服务...
2026-05-07 09:42:14,378 - __main__ - INFO - 📊 初始化 MySQL 数据库...
2026-05-07 09:42:14,403 - __main__ - ERROR - ❌ MySQL 数据库初始化失败: name 'threading' is not defined
2026-05-07 09:42:14,404 - __main__ - ERROR - ❌ 服务启动失败: name 'threading' is not defined
Traceback (most recent call last):
  File "D:\桌面\ai对话系统\project_root\last_duan\main.py", line 170, in main
    init_services()
  File "D:\桌面\ai对话系统\project_root\last_duan\main.py", line 60, in init_services
    import database
  File "D:\桌面\ai对话系统\project_root\last_duan\database.py", line 978, in <module>
    _search_cache_lock = threading.Lock()
                         ^^^^^^^^^
NameError: name 'threading' is not defined. Did you forget to import 'threading'
2026-05-07 09:42:46,464 - __main__ - INFO - 🚀 开始初始化服务...
2026-05-07 09:42:46,464 - __main__ - INFO - 📊 初始化 MySQL 数据库...
2026-05-07 09:42:46,749 - database - INFO - MySQL 数据库初始化完成
2026-05-07 09:42:46,749 - __main__ - INFO - ✅ MySQL 数据库初始化成功
2026-05-07 09:42:46,749 - __main__ - INFO - 📚 初始化 Milvus 向量数据库...
2026-05-07 09:42:47,631 - numexpr.utils - INFO - Note: NumExpr detected 12 cores but "NUMEXPR_MAX_THREADS" not set, so enforcing safe limit of 8.
2026-05-07 09:42:47,631 - numexpr.utils - INFO - NumExpr defaulting to 8 threads.
2026-05-07 09:42:48,539 - database - INFO - 📋 Milvus 配置信息: host=192.168.18.128, port=19530, ssl=False, timeout=30s
2026-05-07 09:42:48,539 - database - INFO - 🔄 连接 Milvus (第 1/3 次尝试, 标准连接): 192.168.18.128:19530
2026-05-07 09:42:48,582 - database - INFO - ✅ Milvus 连接成功，版本: 2.6.9
2026-05-07 09:42:48,586 - database - INFO - 📚 初始化 11 个角色知识库集合...
2026-05-07 09:42:48,709 - database - INFO - ✅ 角色知识库集合初始化完成
2026-05-07 09:42:48,723 - database - INFO - ✅ 长期记忆集合初始化完成
2026-05-07 09:42:48,734 - database - INFO - ✅ 股票数据集合初始化完成
2026-05-07 09:42:48,734 - __main__ - INFO - ✅ Milvus 向量数据库初始化成功
2026-05-07 09:42:48,734 - __main__ - INFO - 🔄 初始化角色知识库...
2026-05-07 09:42:49,357 - __main__ - INFO - ✅ 角色知识库初始化完成
2026-05-07 09:42:49,357 - __main__ - INFO - 🧠 加载向量化模型...
2026-05-07 09:42:49,357 - utils - INFO - 加载 BGE-m3 模型: D:\模型\bge_m3_model
2026-05-07 09:43:10,440 - sentence_transformers.SentenceTransformer - INFO - Use pytorch device_name: cpu
2026-05-07 09:43:10,440 - sentence_transformers.SentenceTransformer - INFO - Load pretrained SentenceTransformer: D:\模型\bge_m3_model
2026-05-07 09:43:10,440 - sentence_transformers.SentenceTransformer - WARNING - No sentence-transformers model found with name D:\模型\bge_m3_model. Creating a new one with mean pooling.
2026-05-07 09:43:12,885 - utils - INFO - ✅ BGE-m3 模型加载成功
2026-05-07 09:43:12,885 - __main__ - INFO - ✅ BGE-m3 向量化模型加载成功
2026-05-07 09:43:12,885 - utils - INFO - 加载 BGE-reranker 模型: D:\模型\bge-reranker-base
2026-05-07 09:43:12,977 - utils - INFO - 使用设备: cpu
2026-05-07 09:43:15,581 - utils - INFO - ✅ BGE-reranker 模型加载成功
2026-05-07 09:43:15,581 - __main__ - INFO - ✅ BGE-reranker 重排序模型加载成功
2026-05-07 09:43:15,581 - __main__ - INFO - 🔌 加载 Redis 客户端...
2026-05-07 09:43:15,581 - utils - INFO - 连接 Redis: localhost:6379
2026-05-07 09:43:17,800 - utils - INFO - ✅ Redis 连接成功
2026-05-07 09:43:17,800 - __main__ - INFO - ✅ Redis 客户端加载成功
2026-05-07 09:43:17,800 - __main__ - INFO - 🎉 服务初始化完成
2026-05-07 09:43:17,800 - __main__ - INFO - 🏗️ 创建 FastAPI 应用...
2026-05-07 09:43:17,801 - __main__ - INFO - 📡 注册 API 路由...
2026-05-07 09:43:17,826 - __main__ - ERROR - ❌ 服务启动失败: name 'threading' is not defined
Traceback (most recent call last):
  File "D:\桌面\ai对话系统\project_root\last_duan\main.py", line 171, in main
    app = create_app()
          ^^^^^^^^^^^^
  File "D:\桌面\ai对话系统\project_root\last_duan\main.py", line 156, in create_app
    import api
  File "D:\桌面\ai对话系统\project_root\last_duan\api.py", line 211, in <module>
    _answer_cache_lock = threading.Lock()
                         ^^^^^^^^^
NameError: name 'threading' is not defined. Did you forget to import 'threading'
2026-05-07 09:43:57,664 - __main__ - INFO - 🚀 开始初始化服务...
2026-05-07 09:43:57,664 - __main__ - INFO - 📊 初始化 MySQL 数据库...
2026-05-07 09:43:57,796 - database - INFO - MySQL 数据库初始化完成
2026-05-07 09:43:57,796 - __main__ - INFO - ✅ MySQL 数据库初始化成功
2026-05-07 09:43:57,796 - __main__ - INFO - 📚 初始化 Milvus 向量数据库...
2026-05-07 09:43:58,264 - numexpr.utils - INFO - Note: NumExpr detected 12 cores but "NUMEXPR_MAX_THREADS" not set, so enforcing safe limit of 8.
2026-05-07 09:43:58,265 - numexpr.utils - INFO - NumExpr defaulting to 8 threads.
2026-05-07 09:43:58,787 - database - INFO - 📋 Milvus 配置信息: host=192.168.18.128, port=19530, ssl=False, timeout=30s
2026-05-07 09:43:58,787 - database - INFO - 🔄 连接 Milvus (第 1/3 次尝试, 标准连接): 192.168.18.128:19530
2026-05-07 09:43:58,807 - database - INFO - ✅ Milvus 连接成功，版本: 2.6.9
2026-05-07 09:43:58,810 - database - INFO - 📚 初始化 11 个角色知识库集合...
2026-05-07 09:43:58,933 - database - INFO - ✅ 角色知识库集合初始化完成
2026-05-07 09:43:58,945 - database - INFO - ✅ 长期记忆集合初始化完成
2026-05-07 09:43:58,955 - database - INFO - ✅ 股票数据集合初始化完成
2026-05-07 09:43:58,955 - __main__ - INFO - ✅ Milvus 向量数据库初始化成功
2026-05-07 09:43:58,955 - __main__ - INFO - 🔄 初始化角色知识库...
2026-05-07 09:43:59,118 - __main__ - INFO - ✅ 角色知识库初始化完成
2026-05-07 09:43:59,118 - __main__ - INFO - 🧠 加载向量化模型...
2026-05-07 09:43:59,118 - utils - INFO - 加载 BGE-m3 模型: D:\模型\bge_m3_model
2026-05-07 09:44:14,163 - sentence_transformers.SentenceTransformer - INFO - Use pytorch device_name: cpu
2026-05-07 09:44:14,163 - sentence_transformers.SentenceTransformer - INFO - Load pretrained SentenceTransformer: D:\模型\bge_m3_model
2026-05-07 09:44:14,164 - sentence_transformers.SentenceTransformer - WARNING - No sentence-transformers model found with name D:\模型\bge_m3_model. Creating a new one with mean pooling.
2026-05-07 09:44:16,273 - utils - INFO - ✅ BGE-m3 模型加载成功
2026-05-07 09:44:16,273 - __main__ - INFO - ✅ BGE-m3 向量化模型加载成功
2026-05-07 09:44:16,274 - utils - INFO - 加载 BGE-reranker 模型: D:\模型\bge-reranker-base
2026-05-07 09:44:16,350 - utils - INFO - 使用设备: cpu
2026-05-07 09:44:18,664 - utils - INFO - ✅ BGE-reranker 模型加载成功
2026-05-07 09:44:18,664 - __main__ - INFO - ✅ BGE-reranker 重排序模型加载成功
2026-05-07 09:44:18,664 - __main__ - INFO - 🔌 加载 Redis 客户端...
2026-05-07 09:44:18,665 - utils - INFO - 连接 Redis: localhost:6379
2026-05-07 09:44:20,841 - utils - INFO - ✅ Redis 连接成功
2026-05-07 09:44:20,842 - __main__ - INFO - ✅ Redis 客户端加载成功
2026-05-07 09:44:20,842 - __main__ - INFO - 🎉 服务初始化完成
2026-05-07 09:44:20,842 - __main__ - INFO - 🏗️ 创建 FastAPI 应用...
2026-05-07 09:44:20,842 - __main__ - INFO - 📡 注册 API 路由...
2026-05-07 09:44:20,921 - __main__ - INFO - ✅ FastAPI 应用创建完成
2026-05-07 09:44:20,922 - __main__ - INFO - 🚀 服务启动准备完成，端口: 8000
2026-05-07 09:45:05,282 - __main__ - INFO - 🚀 开始初始化服务...
2026-05-07 09:45:05,283 - __main__ - INFO - 📊 初始化 MySQL 数据库...
2026-05-07 09:45:05,437 - database - INFO - MySQL 数据库初始化完成
2026-05-07 09:45:05,437 - __main__ - INFO - ✅ MySQL 数据库初始化成功
2026-05-07 09:45:05,438 - __main__ - INFO - 📚 初始化 Milvus 向量数据库...
2026-05-07 09:45:05,919 - numexpr.utils - INFO - Note: NumExpr detected 12 cores but "NUMEXPR_MAX_THREADS" not set, so enforcing safe limit of 8.
2026-05-07 09:45:05,920 - numexpr.utils - INFO - NumExpr defaulting to 8 threads.
2026-05-07 09:45:06,447 - database - INFO - 📋 Milvus 配置信息: host=192.168.18.128, port=19530, ssl=False, timeout=30s
2026-05-07 09:45:06,447 - database - INFO - 🔄 连接 Milvus (第 1/3 次尝试, 标准连接): 192.168.18.128:19530
2026-05-07 09:45:06,467 - database - INFO - ✅ Milvus 连接成功，版本: 2.6.9
2026-05-07 09:45:06,469 - database - INFO - 📚 初始化 11 个角色知识库集合...
2026-05-07 09:45:06,585 - database - INFO - ✅ 角色知识库集合初始化完成
2026-05-07 09:45:06,596 - database - INFO - ✅ 长期记忆集合初始化完成
2026-05-07 09:45:06,609 - database - INFO - ✅ 股票数据集合初始化完成
2026-05-07 09:45:06,609 - __main__ - INFO - ✅ Milvus 向量数据库初始化成功
2026-05-07 09:45:06,609 - __main__ - INFO - 🔄 初始化角色知识库...
2026-05-07 09:45:06,749 - __main__ - INFO - ✅ 角色知识库初始化完成
2026-05-07 09:45:06,749 - __main__ - INFO - 🧠 加载向量化模型...
2026-05-07 09:45:06,749 - utils - INFO - 加载 BGE-m3 模型: D:\模型\bge_m3_model
2026-05-07 09:45:21,118 - sentence_transformers.SentenceTransformer - INFO - Use pytorch device_name: cpu
2026-05-07 09:45:21,118 - sentence_transformers.SentenceTransformer - INFO - Load pretrained SentenceTransformer: D:\模型\bge_m3_model
2026-05-07 09:45:21,118 - sentence_transformers.SentenceTransformer - WARNING - No sentence-transformers model found with name D:\模型\bge_m3_model. Creating a new one with mean pooling.
2026-05-07 09:45:23,230 - utils - INFO - ✅ BGE-m3 模型加载成功
2026-05-07 09:45:23,230 - __main__ - INFO - ✅ BGE-m3 向量化模型加载成功
2026-05-07 09:45:23,230 - utils - INFO - 加载 BGE-reranker 模型: D:\模型\bge-reranker-base
2026-05-07 09:45:23,305 - utils - INFO - 使用设备: cpu
2026-05-07 09:45:25,625 - utils - INFO - ✅ BGE-reranker 模型加载成功
2026-05-07 09:45:25,625 - __main__ - INFO - ✅ BGE-reranker 重排序模型加载成功
2026-05-07 09:45:25,625 - __main__ - INFO - 🔌 加载 Redis 客户端...
2026-05-07 09:45:25,626 - utils - INFO - 连接 Redis: localhost:6379
2026-05-07 09:45:27,802 - utils - INFO - ✅ Redis 连接成功
2026-05-07 09:45:27,804 - __main__ - INFO - ✅ Redis 客户端加载成功
2026-05-07 09:45:27,804 - __main__ - INFO - 🎉 服务初始化完成
2026-05-07 09:45:27,804 - __main__ - INFO - 🏗️ 创建 FastAPI 应用...
2026-05-07 09:45:27,804 - __main__ - INFO - 📡 注册 API 路由...
2026-05-07 09:45:27,865 - __main__ - INFO - ✅ FastAPI 应用创建完成
2026-05-07 09:45:27,865 - __main__ - INFO - 🚀 服务启动准备完成，端口: 8000
2026-05-07 09:45:54,677 - api - INFO - 原始查询: 请介绍一下股票投资的基本概念 -> 改写后: 请介绍一下股票投资的基本概念
2026-05-07 09:45:55,922 - database - INFO - 开始重建 BM25 模型: financial_knowledge_role_1
2026-05-07 09:45:57,323 - database - INFO - BM25 模型重建完成: financial_knowledge_role_1，包含 5 条文档
2026-05-07 09:45:57,352 - api - INFO - 多源检索完成，耗时: 2.68秒
2026-05-07 09:46:00,794 - httpx - INFO - HTTP Request: POST https://api.deepseek.com/v1/chat/completions "HTTP/1.1 200 OK"
2026-05-07 09:46:08,421 - database - INFO - 已存储长期记忆: user=1, role=1
2026-05-07 09:46:08,439 - api - INFO - 缓存命中，直接返回
2026-05-07 09:46:08,454 - api - INFO - 原始查询: 什么是指数基金？它有什么特点？ -> 改写后: 什么是指数基金？它有什么特点？
2026-05-07 09:46:09,269 - api - INFO - 多源检索完成，耗时: 0.82秒
2026-05-07 09:46:09,593 - httpx - INFO - HTTP Request: POST https://api.deepseek.com/v1/chat/completions "HTTP/1.1 200 OK"
2026-05-07 09:46:17,657 - database - INFO - 已存储长期记忆: user=2, role=1
2026-05-07 09:46:17,660 - api - INFO - 原始查询: 如何进行资产配置？有哪些策略？ -> 改写后: 如何进行资产配置？有哪些策略？
2026-05-07 09:46:18,460 - api - INFO - 多源检索完成，耗时: 0.80秒
2026-05-07 09:46:18,828 - httpx - INFO - HTTP Request: POST https://api.deepseek.com/v1/chat/completions "HTTP/1.1 200 OK"
2026-05-07 09:46:29,672 - database - INFO - 已存储长期记忆: user=3, role=1
2026-05-07 09:46:29,675 - api - INFO - 原始查询: 解释一下市盈率PE和市净率PB指标 -> 改写后: 解释一下市盈率PE和市净率PB指标
2026-05-07 09:46:30,473 - api - INFO - 多源检索完成，耗时: 0.80秒
2026-05-07 09:46:30,816 - httpx - INFO - HTTP Request: POST https://api.deepseek.com/v1/chat/completions "HTTP/1.1 200 OK"
2026-05-07 09:46:38,928 - database - INFO - 已存储长期记忆: user=4, role=1
2026-05-07 09:46:38,947 - api - INFO - 原始查询: 如何分析公司的财务报表？ -> 改写后: 如何分析公司的财务报表？
2026-05-07 09:46:39,665 - api - INFO - 多源检索完成，耗时: 0.72秒
2026-05-07 09:46:39,904 - httpx - INFO - HTTP Request: POST https://api.deepseek.com/v1/chat/completions "HTTP/1.1 200 OK"
2026-05-07 09:46:50,314 - database - INFO - 已存储长期记忆: user=5, role=1
2026-05-07 09:46:50,317 - api - INFO - 原始查询: 什么是ETF？和普通基金有什么区别？ -> 改写后: 什么是ETF？和普通基金有什么区别？
2026-05-07 09:46:51,465 - api - INFO - 多源检索完成，耗时: 1.15秒
2026-05-07 09:46:51,670 - httpx - INFO - HTTP Request: POST https://api.deepseek.com/v1/chat/completions "HTTP/1.1 200 OK"
2026-05-07 09:46:59,458 - database - INFO - 已存储长期记忆: user=6, role=1
2026-05-07 09:46:59,478 - api - INFO - 原始查询: 债券投资有哪些风险？ -> 改写后: 债券投资有哪些风险？
2026-05-07 09:47:00,465 - api - INFO - 多源检索完成，耗时: 0.99秒
2026-05-07 09:47:00,604 - httpx - INFO - HTTP Request: POST https://api.deepseek.com/v1/chat/completions "HTTP/1.1 200 OK"
2026-05-07 09:47:09,713 - database - INFO - 已存储长期记忆: user=7, role=1
2026-05-07 09:47:09,737 - api - INFO - 原始查询: 什么是分散投资？为什么重要？ -> 改写后: 什么是分散投资？为什么重要？
2026-05-07 09:47:10,667 - api - INFO - 多源检索完成，耗时: 0.93秒
2026-05-07 09:47:10,988 - httpx - INFO - HTTP Request: POST https://api.deepseek.com/v1/chat/completions "HTTP/1.1 200 OK"
2026-05-07 09:47:20,834 - database - INFO - 已存储长期记忆: user=8, role=1
2026-05-07 09:47:20,858 - api - INFO - 原始查询: 如何评估一只股票的价值？ -> 改写后: 如何评估一只股票的价值？
2026-05-07 09:47:21,865 - api - INFO - 多源检索完成，耗时: 1.01秒
2026-05-07 09:47:22,078 - httpx - INFO - HTTP Request: POST https://api.deepseek.com/v1/chat/completions "HTTP/1.1 200 OK"
2026-05-07 09:47:30,055 - database - INFO - 已存储长期记忆: user=9, role=1
2026-05-07 09:47:30,070 - api - INFO - 原始查询: 什么是技术分析和基本面分析？ -> 改写后: 什么是技术分析和基本面分析？
2026-05-07 09:47:31,062 - api - INFO - 多源检索完成，耗时: 0.99秒
2026-05-07 09:47:31,172 - httpx - INFO - HTTP Request: POST https://api.deepseek.com/v1/chat/completions "HTTP/1.1 200 OK"
2026-05-07 09:47:42,023 - database - INFO - 已存储长期记忆: user=10, role=1
2026-05-07 09:47:42,028 - api - INFO - 缓存命中，直接返回
2026-05-07 09:47:42,030 - api - INFO - 缓存命中，直接返回
2026-05-07 09:47:42,033 - api - INFO - 缓存命中，直接返回
2026-05-07 09:47:42,036 - api - INFO - 缓存命中，直接返回
2026-05-07 09:47:42,038 - api - INFO - 缓存命中，直接返回
2026-05-07 09:47:42,042 - api - INFO - 缓存命中，直接返回
2026-05-07 09:47:42,045 - api - INFO - 缓存命中，直接返回
2026-05-07 09:47:42,046 - api - INFO - 缓存命中，直接返回
2026-05-07 09:47:42,049 - api - INFO - 缓存命中，直接返回
2026-05-07 09:47:42,058 - api - INFO - 缓存命中，直接返回
2026-05-07 09:47:42,065 - api - INFO - 缓存命中，直接返回
2026-05-07 09:47:42,067 - api - INFO - 缓存命中，直接返回
2026-05-07 09:47:42,070 - api - INFO - 缓存命中，直接返回
2026-05-07 09:47:42,074 - api - INFO - 缓存命中，直接返回
2026-05-07 09:47:42,077 - api - INFO - 缓存命中，直接返回
2026-05-07 09:47:42,080 - api - INFO - 缓存命中，直接返回
2026-05-07 09:47:42,082 - api - INFO - 缓存命中，直接返回
2026-05-07 09:47:42,084 - api - INFO - 缓存命中，直接返回
2026-05-07 09:47:42,087 - api - INFO - 缓存命中，直接返回
2026-05-07 09:47:42,091 - api - INFO - 缓存命中，直接返回
2026-05-07 09:49:15,506 - __main__ - INFO - 🚀 开始初始化服务...
2026-05-07 09:49:15,506 - __main__ - INFO - 📊 初始化 MySQL 数据库...
2026-05-07 09:49:15,670 - database - INFO - MySQL 数据库初始化完成
2026-05-07 09:49:15,670 - __main__ - INFO - ✅ MySQL 数据库初始化成功
2026-05-07 09:49:15,671 - __main__ - INFO - 📚 初始化 Milvus 向量数据库...
2026-05-07 09:49:16,144 - numexpr.utils - INFO - Note: NumExpr detected 12 cores but "NUMEXPR_MAX_THREADS" not set, so enforcing safe limit of 8.
2026-05-07 09:49:16,146 - numexpr.utils - INFO - NumExpr defaulting to 8 threads.
2026-05-07 09:49:16,692 - database - INFO - 📋 Milvus 配置信息: host=192.168.18.128, port=19530, ssl=False, timeout=30s
2026-05-07 09:49:16,692 - database - INFO - 🔄 连接 Milvus (第 1/3 次尝试, 标准连接): 192.168.18.128:19530
2026-05-07 09:49:16,710 - database - INFO - ✅ Milvus 连接成功，版本: 2.6.9
2026-05-07 09:49:16,712 - database - INFO - 📚 初始化 11 个角色知识库集合...
2026-05-07 09:49:16,832 - database - INFO - ✅ 角色知识库集合初始化完成
2026-05-07 09:49:16,845 - database - INFO - ✅ 长期记忆集合初始化完成
2026-05-07 09:49:16,856 - database - INFO - ✅ 股票数据集合初始化完成
2026-05-07 09:49:16,858 - __main__ - INFO - ✅ Milvus 向量数据库初始化成功
2026-05-07 09:49:16,858 - __main__ - INFO - 🔄 初始化角色知识库...
2026-05-07 09:49:17,008 - __main__ - INFO - ✅ 角色知识库初始化完成
2026-05-07 09:49:17,009 - __main__ - INFO - 🧠 加载向量化模型...
2026-05-07 09:49:17,009 - utils - INFO - 加载 BGE-m3 模型: D:\模型\bge_m3_model
2026-05-07 09:49:33,749 - sentence_transformers.SentenceTransformer - INFO - Use pytorch device_name: cpu
2026-05-07 09:49:33,749 - sentence_transformers.SentenceTransformer - INFO - Load pretrained SentenceTransformer: D:\模型\bge_m3_model
2026-05-07 09:49:33,749 - sentence_transformers.SentenceTransformer - WARNING - No sentence-transformers model found with name D:\模型\bge_m3_model. Creating a new one with mean pooling.
2026-05-07 09:49:35,843 - utils - INFO - ✅ BGE-m3 模型加载成功
2026-05-07 09:49:35,844 - __main__ - INFO - ✅ BGE-m3 向量化模型加载成功
2026-05-07 09:49:35,844 - utils - INFO - 加载 BGE-reranker 模型: D:\模型\bge-reranker-base
2026-05-07 09:49:35,921 - utils - INFO - 使用设备: cpu
2026-05-07 09:49:38,345 - utils - INFO - ✅ BGE-reranker 模型加载成功
2026-05-07 09:49:38,345 - __main__ - INFO - ✅ BGE-reranker 重排序模型加载成功
2026-05-07 09:49:38,345 - __main__ - INFO - 🔌 加载 Redis 客户端...
2026-05-07 09:49:38,345 - utils - INFO - 连接 Redis: localhost:6379
2026-05-07 09:49:40,537 - utils - INFO - ✅ Redis 连接成功
2026-05-07 09:49:40,538 - __main__ - INFO - ✅ Redis 客户端加载成功
2026-05-07 09:49:40,538 - __main__ - INFO - 🎉 服务初始化完成
2026-05-07 09:49:40,538 - __main__ - INFO - 🏗️ 创建 FastAPI 应用...
2026-05-07 09:49:40,539 - __main__ - INFO - 📡 注册 API 路由...
2026-05-07 09:49:40,611 - __main__ - INFO - ✅ FastAPI 应用创建完成
2026-05-07 09:49:40,611 - __main__ - INFO - 🚀 服务启动准备完成，端口: 8000
2026-05-07 09:49:57,727 - api - INFO - 原始查询: 请介绍一下股票投资的基本概念 -> 改写后: 请介绍一下股票投资的基本概念
2026-05-07 09:49:58,644 - database - INFO - 开始重建 BM25 模型: financial_knowledge_role_1
2026-05-07 09:49:59,161 - database - INFO - BM25 模型重建完成: financial_knowledge_role_1，包含 5 条文档
2026-05-07 09:49:59,258 - database - ERROR - 混合检索失败: cannot access local variable 'cache_key' where it is not associated with a value
2026-05-07 09:49:59,259 - api - INFO - 多源检索完成，耗时: 1.53秒
2026-05-07 09:50:01,295 - httpx - INFO - HTTP Request: POST https://api.deepseek.com/v1/chat/completions "HTTP/1.1 200 OK"
2026-05-07 09:50:05,554 - api - WARNING - 模型回答失败，回退数据库直答: cannot access local variable 'cache_key' where it is not associated with a value
2026-05-07 09:50:07,559 - database - INFO - 已存储长期记忆: user=1, role=1
2026-05-07 09:50:07,580 - api - INFO - 缓存命中，直接返回
2026-05-07 09:50:07,583 - api - INFO - 原始查询: 什么是指数基金？它有什么特点？ -> 改写后: 什么是指数基金？它有什么特点？
2026-05-07 09:50:08,259 - database - ERROR - 混合检索失败: cannot access local variable 'cache_key' where it is not associated with a value
2026-05-07 09:50:08,260 - api - INFO - 多源检索完成，耗时: 0.68秒
2026-05-07 09:50:08,544 - httpx - INFO - HTTP Request: POST https://api.deepseek.com/v1/chat/completions "HTTP/1.1 200 OK"
2026-05-07 09:50:13,049 - api - WARNING - 模型回答失败，回退数据库直答: cannot access local variable 'cache_key' where it is not associated with a value
2026-05-07 09:50:19,113 - database - INFO - 已存储长期记忆: user=2, role=1
2026-05-07 09:50:19,115 - api - INFO - 原始查询: 如何进行资产配置？有哪些策略？ -> 改写后: 如何进行资产配置？有哪些策略？
2026-05-07 09:50:19,862 - database - ERROR - 混合检索失败: cannot access local variable 'cache_key' where it is not associated with a value
2026-05-07 09:50:19,863 - api - INFO - 多源检索完成，耗时: 0.75秒
2026-05-07 09:50:20,425 - httpx - INFO - HTTP Request: POST https://api.deepseek.com/v1/chat/completions "HTTP/1.1 200 OK"
2026-05-07 09:50:24,293 - api - WARNING - 模型回答失败，回退数据库直答: cannot access local variable 'cache_key' where it is not associated with a value
2026-05-07 09:50:30,344 - database - INFO - 已存储长期记忆: user=3, role=1
2026-05-07 09:50:30,357 - api - INFO - 原始查询: 解释一下市盈率PE和市净率PB指标 -> 改写后: 解释一下市盈率PE和市净率PB指标
2026-05-07 09:50:31,262 - database - ERROR - 混合检索失败: cannot access local variable 'cache_key' where it is not associated with a value
2026-05-07 09:50:31,263 - api - INFO - 多源检索完成，耗时: 0.91秒
2026-05-07 09:50:31,778 - httpx - INFO - HTTP Request: POST https://api.deepseek.com/v1/chat/completions "HTTP/1.1 200 OK"
2026-05-07 09:50:36,298 - api - WARNING - 模型回答失败，回退数据库直答: cannot access local variable 'cache_key' where it is not associated with a value
2026-05-07 09:50:42,304 - database - INFO - 已存储长期记忆: user=4, role=1
2026-05-07 09:50:42,308 - api - INFO - 原始查询: 如何分析公司的财务报表？ -> 改写后: 如何分析公司的财务报表？
2026-05-07 09:50:43,062 - database - ERROR - 混合检索失败: cannot access local variable 'cache_key' where it is not associated with a value
2026-05-07 09:50:43,064 - api - INFO - 多源检索完成，耗时: 0.76秒
2026-05-07 09:50:43,437 - httpx - INFO - HTTP Request: POST https://api.deepseek.com/v1/chat/completions "HTTP/1.1 200 OK"
2026-05-07 09:50:49,455 - api - WARNING - 模型回答失败，回退数据库直答: cannot access local variable 'cache_key' where it is not associated with a value
2026-05-07 09:50:51,635 - database - INFO - 已存储长期记忆: user=5, role=1
2026-05-07 09:50:51,637 - api - INFO - 原始查询: 什么是ETF？和普通基金有什么区别？ -> 改写后: 什么是ETF？和普通基金有什么区别？
2026-05-07 09:50:52,666 - database - ERROR - 混合检索失败: cannot access local variable 'cache_key' where it is not associated with a value
2026-05-07 09:50:52,667 - api - INFO - 多源检索完成，耗时: 1.03秒
2026-05-07 09:50:52,809 - httpx - INFO - HTTP Request: POST https://api.deepseek.com/v1/chat/completions "HTTP/1.1 200 OK"
2026-05-07 09:50:56,919 - api - WARNING - 模型回答失败，回退数据库直答: cannot access local variable 'cache_key' where it is not associated with a value
2026-05-07 09:51:02,983 - database - INFO - 已存储长期记忆: user=6, role=1
2026-05-07 09:51:03,010 - api - INFO - 原始查询: 债券投资有哪些风险？ -> 改写后: 债券投资有哪些风险？
2026-05-07 09:51:04,071 - database - ERROR - 混合检索失败: cannot access local variable 'cache_key' where it is not associated with a value
2026-05-07 09:51:04,079 - api - INFO - 多源检索完成，耗时: 1.07秒
2026-05-07 09:51:04,805 - httpx - INFO - HTTP Request: POST https://api.deepseek.com/v1/chat/completions "HTTP/1.1 200 OK"
2026-05-07 09:51:07,269 - api - WARNING - 模型回答失败，回退数据库直答: cannot access local variable 'cache_key' where it is not associated with a value
2026-05-07 09:51:13,322 - database - INFO - 已存储长期记忆: user=7, role=1
2026-05-07 09:51:13,324 - api - INFO - 原始查询: 什么是分散投资？为什么重要？ -> 改写后: 什么是分散投资？为什么重要？
2026-05-07 09:51:14,674 - database - ERROR - 混合检索失败: cannot access local variable 'cache_key' where it is not associated with a value
2026-05-07 09:51:14,676 - api - INFO - 多源检索完成，耗时: 1.35秒
2026-05-07 09:51:15,171 - httpx - INFO - HTTP Request: POST https://api.deepseek.com/v1/chat/completions "HTTP/1.1 200 OK"
2026-05-07 09:51:17,871 - api - WARNING - 模型回答失败，回退数据库直答: cannot access local variable 'cache_key' where it is not associated with a value
2026-05-07 09:51:24,065 - database - INFO - 已存储长期记忆: user=8, role=1
2026-05-07 09:51:24,069 - api - INFO - 原始查询: 如何评估一只股票的价值？ -> 改写后: 如何评估一只股票的价值？
2026-05-07 09:51:24,874 - database - ERROR - 混合检索失败: cannot access local variable 'cache_key' where it is not associated with a value
2026-05-07 09:51:24,887 - api - INFO - 多源检索完成，耗时: 0.82秒
2026-05-07 09:51:25,308 - httpx - INFO - HTTP Request: POST https://api.deepseek.com/v1/chat/completions "HTTP/1.1 200 OK"
2026-05-07 09:51:30,359 - api - WARNING - 模型回答失败，回退数据库直答: cannot access local variable 'cache_key' where it is not associated with a value
2026-05-07 09:51:34,005 - database - INFO - 已存储长期记忆: user=9, role=1
2026-05-07 09:51:34,009 - api - INFO - 原始查询: 什么是技术分析和基本面分析？ -> 改写后: 什么是技术分析和基本面分析？
2026-05-07 09:51:34,876 - database - ERROR - 混合检索失败: cannot access local variable 'cache_key' where it is not associated with a value
2026-05-07 09:51:34,878 - api - INFO - 多源检索完成，耗时: 0.87秒
2026-05-07 09:51:35,208 - httpx - INFO - HTTP Request: POST https://api.deepseek.com/v1/chat/completions "HTTP/1.1 200 OK"
2026-05-07 09:51:38,742 - api - WARNING - 模型回答失败，回退数据库直答: cannot access local variable 'cache_key' where it is not associated with a value
2026-05-07 09:51:44,895 - database - INFO - 已存储长期记忆: user=10, role=1
2026-05-07 09:51:44,900 - api - INFO - 缓存命中，直接返回
2026-05-07 09:51:44,905 - api - INFO - 缓存命中，直接返回
2026-05-07 09:51:44,908 - api - INFO - 缓存命中，直接返回
2026-05-07 09:51:44,912 - api - INFO - 缓存命中，直接返回
2026-05-07 09:51:44,915 - api - INFO - 缓存命中，直接返回
2026-05-07 09:51:44,920 - api - INFO - 缓存命中，直接返回
2026-05-07 09:51:44,924 - api - INFO - 缓存命中，直接返回
2026-05-07 09:51:44,926 - api - INFO - 缓存命中，直接返回
2026-05-07 09:51:44,933 - api - INFO - 缓存命中，直接返回
2026-05-07 09:51:44,937 - api - INFO - 缓存命中，直接返回
2026-05-07 09:51:44,943 - api - INFO - 缓存命中，直接返回
2026-05-07 09:51:44,947 - api - INFO - 缓存命中，直接返回
2026-05-07 09:51:44,950 - api - INFO - 缓存命中，直接返回
2026-05-07 09:51:44,954 - api - INFO - 缓存命中，直接返回
2026-05-07 09:51:44,958 - api - INFO - 缓存命中，直接返回
2026-05-07 09:51:44,962 - api - INFO - 缓存命中，直接返回
2026-05-07 09:51:44,966 - api - INFO - 缓存命中，直接返回
2026-05-07 09:51:44,970 - api - INFO - 缓存命中，直接返回
2026-05-07 09:51:44,974 - api - INFO - 缓存命中，直接返回
2026-05-07 09:51:44,977 - api - INFO - 缓存命中，直接返回
2026-05-07 09:52:03,307 - api - INFO - 原始查询: 什么是指数基金？它有什么特点？ -> 改写后: 什么是指数基金？它有什么特点？
2026-05-07 09:52:05,085 - database - ERROR - 混合检索失败: cannot access local variable 'cache_key' where it is not associated with a value
2026-05-07 09:52:05,087 - api - INFO - 多源检索完成，耗时: 1.78秒
2026-05-07 09:52:05,435 - httpx - INFO - HTTP Request: POST https://api.deepseek.com/v1/chat/completions "HTTP/1.1 200 OK"
2026-05-07 09:52:09,542 - api - WARNING - 模型回答失败，回退数据库直答: cannot access local variable 'cache_key' where it is not associated with a value
2026-05-07 09:52:12,947 - database - INFO - 已存储长期记忆: user=1, role=1
2026-05-07 09:52:12,954 - api - INFO - 原始查询: 如何进行资产配置？ -> 改写后: 如何进行资产配置？
2026-05-07 09:52:14,681 - database - ERROR - 混合检索失败: cannot access local variable 'cache_key' where it is not associated with a value
2026-05-07 09:52:14,683 - api - INFO - 多源检索完成，耗时: 1.73秒
2026-05-07 09:52:15,332 - httpx - INFO - HTTP Request: POST https://api.deepseek.com/v1/chat/completions "HTTP/1.1 200 OK"
2026-05-07 09:52:19,707 - api - WARNING - 模型回答失败，回退数据库直答: cannot access local variable 'cache_key' where it is not associated with a value
2026-05-07 09:52:22,059 - database - INFO - 已存储长期记忆: user=1, role=1
2026-05-07 09:52:22,064 - api - INFO - 原始查询: 解释一下市盈率PE指标 -> 改写后: 解释一下市盈率PE指标
2026-05-07 09:52:23,281 - database - ERROR - 混合检索失败: cannot access local variable 'cache_key' where it is not associated with a value
2026-05-07 09:52:23,282 - api - INFO - 多源检索完成，耗时: 1.22秒
2026-05-07 09:52:23,440 - httpx - INFO - HTTP Request: POST https://api.deepseek.com/v1/chat/completions "HTTP/1.1 200 OK"
2026-05-07 09:52:27,617 - api - WARNING - 模型回答失败，回退数据库直答: cannot access local variable 'cache_key' where it is not associated with a value
2026-05-07 09:52:33,982 - database - INFO - 已存储长期记忆: user=1, role=1
2026-05-07 09:52:33,986 - api - INFO - 原始查询: 什么是ETF？ -> 改写后: 什么是ETF？
2026-05-07 09:52:35,297 - database - ERROR - 混合检索失败: cannot access local variable 'cache_key' where it is not associated with a value
2026-05-07 09:52:35,304 - api - INFO - 多源检索完成，耗时: 1.32秒
2026-05-07 09:52:35,695 - httpx - INFO - HTTP Request: POST https://api.deepseek.com/v1/chat/completions "HTTP/1.1 200 OK"
2026-05-07 09:52:37,370 - api - WARNING - 模型回答失败，回退数据库直答: cannot access local variable 'cache_key' where it is not associated with a value
2026-05-07 09:52:43,774 - database - INFO - 已存储长期记忆: user=1, role=1
2026-05-07 09:52:43,791 - api - INFO - 原始查询: 债券投资有哪些风险？ -> 改写后: 债券投资有哪些风险？
2026-05-07 09:52:45,286 - database - ERROR - 混合检索失败: cannot access local variable 'cache_key' where it is not associated with a value
2026-05-07 09:52:45,303 - api - INFO - 多源检索完成，耗时: 1.51秒
2026-05-07 09:52:45,785 - httpx - INFO - HTTP Request: POST https://api.deepseek.com/v1/chat/completions "HTTP/1.1 200 OK"
2026-05-07 09:52:51,206 - api - WARNING - 模型回答失败，回退数据库直答: cannot access local variable 'cache_key' where it is not associated with a value
2026-05-07 09:52:53,832 - database - INFO - 已存储长期记忆: user=1, role=1
2026-05-07 09:55:50,091 - __main__ - INFO - 🚀 开始初始化服务...
2026-05-07 09:55:50,092 - __main__ - INFO - 📊 初始化 MySQL 数据库...
2026-05-07 09:55:50,333 - database - INFO - MySQL 数据库初始化完成
2026-05-07 09:55:50,334 - __main__ - INFO - ✅ MySQL 数据库初始化成功
2026-05-07 09:55:50,334 - __main__ - INFO - 📚 初始化 Milvus 向量数据库...
2026-05-07 09:55:51,139 - numexpr.utils - INFO - Note: NumExpr detected 12 cores but "NUMEXPR_MAX_THREADS" not set, so enforcing safe limit of 8.
2026-05-07 09:55:51,139 - numexpr.utils - INFO - NumExpr defaulting to 8 threads.
2026-05-07 09:55:52,104 - database - INFO - 📋 Milvus 配置信息: host=192.168.18.128, port=19530, ssl=False, timeout=30s
2026-05-07 09:55:52,105 - database - INFO - 🔄 连接 Milvus (第 1/3 次尝试, 标准连接): 192.168.18.128:19530
2026-05-07 09:55:52,152 - database - INFO - ✅ Milvus 连接成功，版本: 2.6.9
2026-05-07 09:55:52,156 - database - INFO - 📚 初始化 11 个角色知识库集合...
2026-05-07 09:55:52,378 - database - INFO - ✅ 角色知识库集合初始化完成
2026-05-07 09:55:52,402 - database - INFO - ✅ 长期记忆集合初始化完成
2026-05-07 09:55:52,425 - database - INFO - ✅ 股票数据集合初始化完成
2026-05-07 09:55:52,426 - __main__ - INFO - ✅ Milvus 向量数据库初始化成功
2026-05-07 09:55:52,426 - __main__ - INFO - 🔄 初始化角色知识库...
2026-05-07 09:55:52,682 - __main__ - INFO - ✅ 角色知识库初始化完成
2026-05-07 09:55:52,682 - __main__ - INFO - 🧠 加载向量化模型...
2026-05-07 09:55:52,683 - utils - INFO - 加载 BGE-m3 模型: D:\模型\bge_m3_model
2026-05-07 09:56:23,627 - sentence_transformers.SentenceTransformer - INFO - Use pytorch device_name: cpu
2026-05-07 09:56:23,629 - sentence_transformers.SentenceTransformer - INFO - Load pretrained SentenceTransformer: D:\模型\bge_m3_model
2026-05-07 09:56:23,629 - sentence_transformers.SentenceTransformer - WARNING - No sentence-transformers model found with name D:\模型\bge_m3_model. Creating a new one with mean pooling.
2026-05-07 09:56:27,189 - utils - INFO - ✅ BGE-m3 模型加载成功
2026-05-07 09:56:27,190 - __main__ - INFO - ✅ BGE-m3 向量化模型加载成功
2026-05-07 09:56:27,190 - utils - INFO - 加载 BGE-reranker 模型: D:\模型\bge-reranker-base
2026-05-07 09:56:27,322 - utils - INFO - 使用设备: cpu
2026-05-07 09:56:31,418 - utils - INFO - ✅ BGE-reranker 模型加载成功
2026-05-07 09:56:31,418 - __main__ - INFO - ✅ BGE-reranker 重排序模型加载成功
2026-05-07 09:56:31,419 - __main__ - INFO - 🔌 加载 Redis 客户端...
2026-05-07 09:56:31,420 - utils - INFO - 连接 Redis: localhost:6379
2026-05-07 09:56:33,704 - utils - INFO - ✅ Redis 连接成功
2026-05-07 09:56:33,704 - __main__ - INFO - ✅ Redis 客户端加载成功
2026-05-07 09:56:33,705 - __main__ - INFO - 🎉 服务初始化完成
2026-05-07 09:56:33,705 - __main__ - INFO - 🏗️ 创建 FastAPI 应用...
2026-05-07 09:56:33,706 - __main__ - INFO - 📡 注册 API 路由...
2026-05-07 09:56:33,865 - __main__ - INFO - ✅ FastAPI 应用创建完成
2026-05-07 09:56:33,865 - __main__ - INFO - 🚀 服务启动准备完成，端口: 8000
2026-05-07 09:56:56,380 - api - INFO - 原始查询: 什么是指数基金？它有什么特点？ -> 改写后: 什么是指数基金？它有什么特点？
2026-05-07 09:56:59,534 - database - INFO - 开始重建 BM25 模型: financial_knowledge_role_1
2026-05-07 09:57:00,957 - database - INFO - BM25 模型重建完成: financial_knowledge_role_1，包含 5 条文档
2026-05-07 09:57:01,129 - api - INFO - 多源检索完成，耗时: 4.75秒
2026-05-07 09:57:06,605 - httpx - INFO - HTTP Request: POST https://api.deepseek.com/v1/chat/completions "HTTP/1.1 200 OK"
2026-05-07 09:57:10,700 - database - INFO - 已存储长期记忆: user=1, role=1
2026-05-07 09:57:10,707 - api - INFO - 原始查询: 如何进行资产配置？ -> 改写后: 如何进行资产配置？
2026-05-07 09:57:12,316 - api - INFO - 多源检索完成，耗时: 1.61秒
2026-05-07 09:57:12,446 - httpx - INFO - HTTP Request: POST https://api.deepseek.com/v1/chat/completions "HTTP/1.1 200 OK"
2026-05-07 09:57:21,251 - database - INFO - 已存储长期记忆: user=1, role=1
2026-05-07 09:57:21,259 - api - INFO - 原始查询: 解释一下市盈率PE指标 -> 改写后: 解释一下市盈率PE指标
2026-05-07 09:57:22,731 - api - INFO - 多源检索完成，耗时: 1.47秒
2026-05-07 09:57:23,095 - httpx - INFO - HTTP Request: POST https://api.deepseek.com/v1/chat/completions "HTTP/1.1 200 OK"
2026-05-07 09:57:32,320 - database - INFO - 已存储长期记忆: user=1, role=1
2026-05-07 09:57:32,336 - api - INFO - 原始查询: 什么是ETF？ -> 改写后: 什么是ETF？
2026-05-07 09:57:33,320 - api - INFO - 多源检索完成，耗时: 0.98秒
2026-05-07 09:57:33,640 - httpx - INFO - HTTP Request: POST https://api.deepseek.com/v1/chat/completions "HTTP/1.1 200 OK"
2026-05-07 09:57:43,782 - database - INFO - 已存储长期记忆: user=1, role=1
2026-05-07 09:57:43,804 - api - INFO - 原始查询: 债券投资有哪些风险？ -> 改写后: 债券投资有哪些风险？
2026-05-07 09:57:46,119 - api - INFO - 多源检索完成，耗时: 2.31秒
2026-05-07 09:57:46,411 - httpx - INFO - HTTP Request: POST https://api.deepseek.com/v1/chat/completions "HTTP/1.1 200 OK"
2026-05-07 09:57:53,891 - database - INFO - 已存储长期记忆: user=1, role=1
2026-05-07 09:58:35,031 - api - INFO - 缓存命中，直接返回
2026-05-07 09:58:35,056 - api - INFO - 缓存命中，直接返回
2026-05-07 09:58:35,086 - api - INFO - 缓存命中，直接返回
2026-05-07 09:58:35,094 - api - INFO - 缓存命中，直接返回
2026-05-07 09:58:35,118 - api - INFO - 缓存命中，直接返回
2026-05-07 09:58:35,148 - api - INFO - 缓存命中，直接返回
2026-05-07 09:58:35,154 - api - INFO - 缓存命中，直接返回
2026-05-07 09:58:35,161 - api - INFO - 缓存命中，直接返回
2026-05-07 09:58:35,179 - api - INFO - 缓存命中，直接返回
2026-05-07 09:58:35,209 - api - INFO - 缓存命中，直接返回
2026-05-07 10:01:33,708 - api - INFO - 原始查询: 请介绍一下股票投资的基本概念 -> 改写后: 请介绍一下股票投资的基本概念
2026-05-07 10:01:34,811 - api - INFO - 多源检索完成，耗时: 1.10秒
2026-05-07 10:01:35,170 - httpx - INFO - HTTP Request: POST https://api.deepseek.com/v1/chat/completions "HTTP/1.1 200 OK"
2026-05-07 10:01:42,713 - database - INFO - 已存储长期记忆: user=1, role=1
2026-05-07 10:01:42,732 - api - INFO - 缓存命中，直接返回
2026-05-07 10:01:42,735 - api - INFO - 原始查询: 什么是指数基金？它有什么特点？ -> 改写后: 什么是指数基金？它有什么特点？
2026-05-07 10:01:43,519 - api - INFO - 多源检索完成，耗时: 0.78秒
2026-05-07 10:01:43,522 - api - INFO - 命中回答缓存: 什么是指数基金？它有什么特点？...
2026-05-07 10:01:52,908 - database - INFO - 已存储长期记忆: user=2, role=1
2026-05-07 10:01:52,914 - api - INFO - 原始查询: 如何进行资产配置？有哪些策略？ -> 改写后: 如何进行资产配置？有哪些策略？
2026-05-07 10:01:53,939 - api - INFO - 多源检索完成，耗时: 1.02秒
2026-05-07 10:01:54,529 - httpx - INFO - HTTP Request: POST https://api.deepseek.com/v1/chat/completions "HTTP/1.1 200 OK"
2026-05-07 10:02:02,538 - database - INFO - 已存储长期记忆: user=3, role=1
2026-05-07 10:02:02,559 - api - INFO - 原始查询: 解释一下市盈率PE和市净率PB指标 -> 改写后: 解释一下市盈率PE和市净率PB指标
2026-05-07 10:02:03,923 - api - INFO - 多源检索完成，耗时: 1.36秒
2026-05-07 10:02:04,750 - httpx - INFO - HTTP Request: POST https://api.deepseek.com/v1/chat/completions "HTTP/1.1 200 OK"
2026-05-07 10:02:12,531 - database - INFO - 已存储长期记忆: user=4, role=1
2026-05-07 10:02:12,560 - api - INFO - 原始查询: 如何分析公司的财务报表？ -> 改写后: 如何分析公司的财务报表？
2026-05-07 10:02:13,324 - api - INFO - 多源检索完成，耗时: 0.76秒
2026-05-07 10:02:13,490 - httpx - INFO - HTTP Request: POST https://api.deepseek.com/v1/chat/completions "HTTP/1.1 200 OK"
2026-05-07 10:02:23,928 - database - INFO - 已存储长期记忆: user=5, role=1
2026-05-07 10:02:23,954 - api - INFO - 原始查询: 什么是ETF？和普通基金有什么区别？ -> 改写后: 什么是ETF？和普通基金有什么区别？
2026-05-07 10:02:25,532 - api - INFO - 多源检索完成，耗时: 1.58秒
2026-05-07 10:02:25,893 - httpx - INFO - HTTP Request: POST https://api.deepseek.com/v1/chat/completions "HTTP/1.1 200 OK"
2026-05-07 10:02:33,785 - database - INFO - 已存储长期记忆: user=6, role=1
2026-05-07 10:02:33,788 - api - INFO - 原始查询: 债券投资有哪些风险？ -> 改写后: 债券投资有哪些风险？
2026-05-07 10:02:34,718 - api - INFO - 多源检索完成，耗时: 0.93秒
2026-05-07 10:02:34,723 - api - INFO - 命中回答缓存: 债券投资有哪些风险？...
2026-05-07 10:02:44,532 - database - INFO - 已存储长期记忆: user=7, role=1
2026-05-07 10:02:44,536 - api - INFO - 原始查询: 什么是分散投资？为什么重要？ -> 改写后: 什么是分散投资？为什么重要？
2026-05-07 10:02:45,941 - api - INFO - 多源检索完成，耗时: 1.40秒
2026-05-07 10:02:46,324 - httpx - INFO - HTTP Request: POST https://api.deepseek.com/v1/chat/completions "HTTP/1.1 200 OK"
2026-05-07 10:02:54,461 - database - INFO - 已存储长期记忆: user=8, role=1
2026-05-07 10:02:54,479 - api - INFO - 原始查询: 如何评估一只股票的价值？ -> 改写后: 如何评估一只股票的价值？
2026-05-07 10:02:55,547 - api - INFO - 多源检索完成，耗时: 1.07秒
2026-05-07 10:02:56,238 - httpx - INFO - HTTP Request: POST https://api.deepseek.com/v1/chat/completions "HTTP/1.1 200 OK"
2026-05-07 10:03:03,551 - database - INFO - 已存储长期记忆: user=9, role=1
2026-05-07 10:03:03,555 - api - INFO - 原始查询: 什么是技术分析和基本面分析？ -> 改写后: 什么是技术分析和基本面分析？
2026-05-07 10:03:04,728 - api - INFO - 多源检索完成，耗时: 1.17秒
2026-05-07 10:03:05,010 - httpx - INFO - HTTP Request: POST https://api.deepseek.com/v1/chat/completions "HTTP/1.1 200 OK"
2026-05-07 10:03:15,843 - database - INFO - 已存储长期记忆: user=10, role=1
2026-05-07 10:03:15,849 - api - INFO - 缓存命中，直接返回
2026-05-07 10:03:15,852 - api - INFO - 缓存命中，直接返回
2026-05-07 10:03:15,855 - api - INFO - 缓存命中，直接返回
2026-05-07 10:03:15,859 - api - INFO - 缓存命中，直接返回
2026-05-07 10:03:15,863 - api - INFO - 缓存命中，直接返回
2026-05-07 10:03:15,867 - api - INFO - 缓存命中，直接返回
2026-05-07 10:03:15,870 - api - INFO - 缓存命中，直接返回
2026-05-07 10:03:15,872 - api - INFO - 缓存命中，直接返回
2026-05-07 10:03:15,875 - api - INFO - 缓存命中，直接返回
2026-05-07 10:03:15,877 - api - INFO - 缓存命中，直接返回
2026-05-07 10:03:15,884 - api - INFO - 缓存命中，直接返回
2026-05-07 10:03:15,887 - api - INFO - 缓存命中，直接返回
2026-05-07 10:03:15,889 - api - INFO - 缓存命中，直接返回
2026-05-07 10:03:15,893 - api - INFO - 缓存命中，直接返回
2026-05-07 10:03:15,896 - api - INFO - 缓存命中，直接返回
2026-05-07 10:03:15,899 - api - INFO - 缓存命中，直接返回
2026-05-07 10:03:15,902 - api - INFO - 缓存命中，直接返回
2026-05-07 10:03:15,907 - api - INFO - 缓存命中，直接返回
2026-05-07 10:03:15,911 - api - INFO - 缓存命中，直接返回
2026-05-07 10:03:15,916 - api - INFO - 缓存命中，直接返回
2026-05-07 10:03:29,265 - api - INFO - 缓存命中，直接返回
2026-05-07 10:03:29,284 - api - INFO - 缓存命中，直接返回
2026-05-07 10:03:29,289 - api - INFO - 原始查询: 什么是指数基金？ -> 改写后: 什么是指数基金？
2026-05-07 10:03:30,551 - api - INFO - 多源检索完成，耗时: 1.26秒
2026-05-07 10:03:30,923 - httpx - INFO - HTTP Request: POST https://api.deepseek.com/v1/chat/completions "HTTP/1.1 200 OK"
2026-05-07 10:03:38,483 - database - INFO - 已存储长期记忆: user=2, role=1
2026-05-07 10:03:38,507 - api - INFO - 原始查询: 如何进行资产配置？ -> 改写后: 如何进行资产配置？
2026-05-07 10:03:39,931 - api - INFO - 多源检索完成，耗时: 1.42秒
2026-05-07 10:03:40,169 - httpx - INFO - HTTP Request: POST https://api.deepseek.com/v1/chat/completions "HTTP/1.1 200 OK"
2026-05-07 10:03:47,708 - database - INFO - 已存储长期记忆: user=3, role=1
2026-05-07 10:03:47,727 - api - INFO - 原始查询: 解释一下PE和PB指标 -> 改写后: 解释一下PE和PB指标
2026-05-07 10:03:49,136 - api - INFO - 多源检索完成，耗时: 1.41秒
2026-05-07 10:03:49,565 - httpx - INFO - HTTP Request: POST https://api.deepseek.com/v1/chat/completions "HTTP/1.1 200 OK"
2026-05-07 10:03:57,700 - database - INFO - 已存储长期记忆: user=4, role=1
2026-05-07 10:03:57,728 - api - INFO - 原始查询: 如何分析公司财务报表？ -> 改写后: 如何分析公司财务报表？
2026-05-07 10:03:58,930 - api - INFO - 多源检索完成，耗时: 1.20秒
2026-05-07 10:03:59,084 - httpx - INFO - HTTP Request: POST https://api.deepseek.com/v1/chat/completions "HTTP/1.1 200 OK"
2026-05-07 10:04:10,450 - database - INFO - 已存储长期记忆: user=5, role=1
2026-05-07 10:04:10,479 - api - INFO - 原始查询: 请介绍一下股票投资的基本概念 -> 改写后: 请介绍一下股票投资的基本概念
2026-05-07 10:04:11,325 - api - INFO - 多源检索完成，耗时: 0.84秒
2026-05-07 10:04:11,329 - api - INFO - 命中回答缓存: 请介绍一下股票投资的基本概念...
2026-05-07 10:04:21,719 - database - INFO - 已存储长期记忆: user=6, role=1
2026-05-07 10:04:21,722 - api - INFO - 原始查询: 什么是指数基金？ -> 改写后: 什么是指数基金？
2026-05-07 10:04:22,528 - api - INFO - 多源检索完成，耗时: 0.80秒
2026-05-07 10:04:22,532 - api - INFO - 命中回答缓存: 什么是指数基金？...
2026-05-07 10:04:32,750 - database - INFO - 已存储长期记忆: user=7, role=1
2026-05-07 10:04:32,752 - api - INFO - 原始查询: 如何进行资产配置？ -> 改写后: 如何进行资产配置？
2026-05-07 10:04:33,544 - api - INFO - 多源检索完成，耗时: 0.79秒
2026-05-07 10:04:33,549 - api - INFO - 命中回答缓存: 如何进行资产配置？...
2026-05-07 10:04:43,381 - database - INFO - 已存储长期记忆: user=8, role=1
2026-05-07 10:04:43,409 - api - INFO - 原始查询: 解释一下PE和PB指标 -> 改写后: 解释一下PE和PB指标
2026-05-07 10:04:44,125 - api - INFO - 多源检索完成，耗时: 0.72秒
2026-05-07 10:04:44,129 - api - INFO - 命中回答缓存: 解释一下PE和PB指标...
2026-05-07 10:04:54,570 - database - INFO - 已存储长期记忆: user=9, role=1
2026-05-07 10:04:54,573 - api - INFO - 原始查询: 如何分析公司财务报表？ -> 改写后: 如何分析公司财务报表？
2026-05-07 10:04:55,340 - api - INFO - 多源检索完成，耗时: 0.77秒
2026-05-07 10:04:55,345 - api - INFO - 命中回答缓存: 如何分析公司财务报表？...
2026-05-07 10:05:06,285 - database - INFO - 已存储长期记忆: user=10, role=1
2026-05-07 10:06:16,713 - api - INFO - 缓存命中，直接返回
2026-05-07 10:06:16,718 - api - INFO - 缓存命中，直接返回
2026-05-07 10:06:16,722 - api - INFO - 缓存命中，直接返回
2026-05-07 10:06:16,744 - api - INFO - 缓存命中，直接返回
2026-05-07 10:06:16,749 - api - INFO - 缓存命中，直接返回
2026-05-07 10:06:16,756 - api - INFO - 缓存命中，直接返回
2026-05-07 10:06:16,760 - api - INFO - 缓存命中，直接返回
2026-05-07 10:06:16,765 - api - INFO - 缓存命中，直接返回
2026-05-07 10:06:16,768 - api - INFO - 缓存命中，直接返回
2026-05-07 10:06:16,772 - api - INFO - 缓存命中，直接返回
2026-05-07 10:06:16,776 - api - INFO - 缓存命中，直接返回
2026-05-07 10:06:16,793 - api - INFO - 缓存命中，直接返回
2026-05-07 10:06:16,798 - api - INFO - 缓存命中，直接返回
2026-05-07 10:06:16,803 - api - INFO - 缓存命中，直接返回
2026-05-07 10:06:16,807 - api - INFO - 缓存命中，直接返回
2026-05-07 10:06:16,813 - api - INFO - 缓存命中，直接返回
2026-05-07 10:06:16,818 - api - INFO - 缓存命中，直接返回
2026-05-07 10:06:16,827 - api - INFO - 缓存命中，直接返回
2026-05-07 10:06:16,832 - api - INFO - 缓存命中，直接返回
2026-05-07 10:06:16,838 - api - INFO - 缓存命中，直接返回
2026-05-07 10:06:16,842 - api - INFO - 缓存命中，直接返回
2026-05-07 10:06:16,868 - api - INFO - 缓存命中，直接返回
2026-05-07 10:06:16,873 - api - INFO - 缓存命中，直接返回
2026-05-07 10:06:16,877 - api - INFO - 缓存命中，直接返回
2026-05-07 10:06:16,880 - api - INFO - 缓存命中，直接返回
2026-05-07 10:06:16,884 - api - INFO - 缓存命中，直接返回
2026-05-07 10:06:16,889 - api - INFO - 缓存命中，直接返回
2026-05-07 10:06:16,893 - api - INFO - 缓存命中，直接返回
2026-05-07 10:06:16,897 - api - INFO - 缓存命中，直接返回
2026-05-07 10:06:16,902 - api - INFO - 缓存命中，直接返回
2026-05-07 10:06:16,907 - api - INFO - 缓存命中，直接返回
2026-05-07 10:06:16,937 - api - INFO - 缓存命中，直接返回
2026-05-07 10:06:16,940 - api - INFO - 缓存命中，直接返回
2026-05-07 10:06:16,946 - api - INFO - 缓存命中，直接返回
2026-05-07 10:06:16,950 - api - INFO - 缓存命中，直接返回
2026-05-07 10:06:16,956 - api - INFO - 缓存命中，直接返回
2026-05-07 10:06:16,963 - api - INFO - 缓存命中，直接返回
2026-05-07 10:06:16,969 - api - INFO - 缓存命中，直接返回
2026-05-07 10:06:16,976 - api - INFO - 缓存命中，直接返回
2026-05-07 10:06:16,980 - api - INFO - 缓存命中，直接返回
2026-05-07 10:06:16,984 - api - INFO - 缓存命中，直接返回
2026-05-07 10:08:01,473 - api - INFO - 原始查询: 什么是指数基金？它有什么特点？ -> 改写后: 什么是指数基金？它有什么特点？
2026-05-07 10:08:02,545 - api - INFO - 多源检索完成，耗时: 1.07秒
2026-05-07 10:08:02,909 - httpx - INFO - HTTP Request: POST https://api.deepseek.com/v1/chat/completions "HTTP/1.1 200 OK"
2026-05-07 10:08:10,120 - database - INFO - 已存储长期记忆: user=1, role=1
2026-05-07 10:08:10,124 - api - INFO - 原始查询: 如何进行资产配置？ -> 改写后: 如何进行资产配置？
2026-05-07 10:08:10,923 - api - INFO - 多源检索完成，耗时: 0.80秒
2026-05-07 10:08:10,926 - api - INFO - 命中回答缓存: 如何进行资产配置？...
2026-05-07 10:08:20,706 - database - INFO - 已存储长期记忆: user=1, role=1
2026-05-07 10:08:20,729 - api - INFO - 原始查询: 解释一下市盈率PE指标 -> 改写后: 解释一下市盈率PE指标
2026-05-07 10:08:21,731 - api - INFO - 多源检索完成，耗时: 1.00秒
2026-05-07 10:08:21,994 - httpx - INFO - HTTP Request: POST https://api.deepseek.com/v1/chat/completions "HTTP/1.1 200 OK"
2026-05-07 10:08:31,157 - database - INFO - 已存储长期记忆: user=1, role=1
2026-05-07 10:08:31,161 - api - INFO - 原始查询: 什么是ETF？ -> 改写后: 什么是ETF？
2026-05-07 10:08:32,543 - api - INFO - 多源检索完成，耗时: 1.38秒
2026-05-07 10:08:32,795 - httpx - INFO - HTTP Request: POST https://api.deepseek.com/v1/chat/completions "HTTP/1.1 200 OK"
2026-05-07 10:08:42,907 - database - INFO - 已存储长期记忆: user=1, role=1
2026-05-07 10:08:42,925 - api - INFO - 原始查询: 债券投资有哪些风险？ -> 改写后: 债券投资有哪些风险？
2026-05-07 10:08:44,327 - api - INFO - 多源检索完成，耗时: 1.40秒
2026-05-07 10:08:44,861 - httpx - INFO - HTTP Request: POST https://api.deepseek.com/v1/chat/completions "HTTP/1.1 200 OK"
2026-05-07 10:08:52,787 - database - INFO - 已存储长期记忆: user=1, role=1
2026-05-07 10:08:52,790 - api - INFO - 缓存命中，直接返回
2026-05-07 10:08:52,812 - api - INFO - 缓存命中，直接返回
2026-05-07 10:08:52,828 - api - INFO - 缓存命中，直接返回
2026-05-07 10:08:52,842 - api - INFO - 缓存命中，直接返回
2026-05-07 10:08:52,847 - api - INFO - 缓存命中，直接返回
2026-05-07 10:09:55,248 - api - INFO - 缓存命中，直接返回
2026-05-07 10:10:23,906 - api - INFO - 缓存命中，直接返回
2026-05-07 10:11:08,614 - api - INFO - 原始查询: 请介绍一下股票投资的基本概念 -> 改写后: 请介绍一下股票投资的基本概念
2026-05-07 10:11:09,940 - api - INFO - 多源检索完成，耗时: 1.33秒
2026-05-07 10:11:10,353 - httpx - INFO - HTTP Request: POST https://api.deepseek.com/v1/chat/completions "HTTP/1.1 200 OK"
2026-05-07 10:11:19,993 - database - INFO - 已存储长期记忆: user=1, role=1
2026-05-07 10:11:20,019 - api - INFO - 缓存命中，直接返回
2026-05-07 10:11:20,036 - api - INFO - 原始查询: 什么是指数基金？ -> 改写后: 什么是指数基金？
2026-05-07 10:11:21,333 - api - INFO - 多源检索完成，耗时: 1.30秒
2026-05-07 10:11:21,541 - httpx - INFO - HTTP Request: POST https://api.deepseek.com/v1/chat/completions "HTTP/1.1 200 OK"
2026-05-07 10:11:29,952 - database - INFO - 已存储长期记忆: user=2, role=1
2026-05-07 10:11:29,957 - api - INFO - 原始查询: 如何进行资产配置？ -> 改写后: 如何进行资产配置？
2026-05-07 10:11:31,334 - api - INFO - 多源检索完成，耗时: 1.38秒
2026-05-07 10:11:31,755 - httpx - INFO - HTTP Request: POST https://api.deepseek.com/v1/chat/completions "HTTP/1.1 200 OK"
2026-05-07 10:11:39,232 - database - INFO - 已存储长期记忆: user=3, role=1
2026-05-07 10:11:39,236 - api - INFO - 原始查询: 解释一下PE和PB指标 -> 改写后: 解释一下PE和PB指标
2026-05-07 10:11:40,336 - api - INFO - 多源检索完成，耗时: 1.10秒
2026-05-07 10:11:40,521 - httpx - INFO - HTTP Request: POST https://api.deepseek.com/v1/chat/completions "HTTP/1.1 200 OK"
2026-05-07 10:11:49,791 - database - INFO - 已存储长期记忆: user=4, role=1
2026-05-07 10:11:49,812 - api - INFO - 原始查询: 如何分析公司财务报表？ -> 改写后: 如何分析公司财务报表？
2026-05-07 10:11:50,940 - api - INFO - 多源检索完成，耗时: 1.13秒
2026-05-07 10:11:51,221 - httpx - INFO - HTTP Request: POST https://api.deepseek.com/v1/chat/completions "HTTP/1.1 200 OK"
2026-05-07 10:12:00,983 - database - INFO - 已存储长期记忆: user=5, role=1
2026-05-07 10:12:01,005 - api - INFO - 原始查询: 请介绍一下股票投资的基本概念 -> 改写后: 请介绍一下股票投资的基本概念
2026-05-07 10:12:01,732 - api - INFO - 多源检索完成，耗时: 0.73秒
2026-05-07 10:12:01,736 - api - INFO - 命中回答缓存: 请介绍一下股票投资的基本概念...
2026-05-07 10:12:12,197 - database - INFO - 已存储长期记忆: user=6, role=1
2026-05-07 10:12:12,200 - api - INFO - 原始查询: 什么是指数基金？ -> 改写后: 什么是指数基金？
2026-05-07 10:12:12,935 - api - INFO - 多源检索完成，耗时: 0.73秒
2026-05-07 10:12:12,940 - api - INFO - 命中回答缓存: 什么是指数基金？...
2026-05-07 10:12:23,247 - database - INFO - 已存储长期记忆: user=7, role=1
2026-05-07 10:12:23,249 - api - INFO - 原始查询: 如何进行资产配置？ -> 改写后: 如何进行资产配置？
2026-05-07 10:12:24,140 - api - INFO - 多源检索完成，耗时: 0.89秒
2026-05-07 10:12:24,145 - api - INFO - 命中回答缓存: 如何进行资产配置？...
2026-05-07 10:12:34,100 - database - INFO - 已存储长期记忆: user=8, role=1
2026-05-07 10:12:34,106 - api - INFO - 原始查询: 解释一下PE和PB指标 -> 改写后: 解释一下PE和PB指标
2026-05-07 10:12:34,949 - api - INFO - 多源检索完成，耗时: 0.84秒
2026-05-07 10:12:34,955 - api - INFO - 命中回答缓存: 解释一下PE和PB指标...
2026-05-07 10:12:45,235 - database - INFO - 已存储长期记忆: user=9, role=1
2026-05-07 10:12:45,264 - api - INFO - 原始查询: 如何分析公司财务报表？ -> 改写后: 如何分析公司财务报表？
2026-05-07 10:12:45,949 - api - INFO - 多源检索完成，耗时: 0.68秒
2026-05-07 10:12:45,954 - api - INFO - 命中回答缓存: 如何分析公司财务报表？...
2026-05-07 10:12:56,869 - database - INFO - 已存储长期记忆: user=10, role=1
2026-05-07 10:12:56,892 - api - INFO - 缓存命中，直接返回
2026-05-07 10:12:56,893 - api - INFO - 缓存命中，直接返回
2026-05-07 10:12:56,897 - api - INFO - 缓存命中，直接返回
2026-05-07 10:12:56,899 - api - INFO - 缓存命中，直接返回
2026-05-07 10:12:56,901 - api - INFO - 缓存命中，直接返回
2026-05-07 10:12:56,904 - api - INFO - 缓存命中，直接返回
2026-05-07 10:12:56,908 - api - INFO - 缓存命中，直接返回
2026-05-07 10:12:56,911 - api - INFO - 缓存命中，直接返回
2026-05-07 10:12:56,922 - api - INFO - 缓存命中，直接返回
2026-05-07 10:12:56,924 - api - INFO - 缓存命中，直接返回
2026-05-07 10:12:56,956 - api - INFO - 缓存命中，直接返回
2026-05-07 10:12:56,959 - api - INFO - 缓存命中，直接返回
2026-05-07 10:12:56,961 - api - INFO - 缓存命中，直接返回
2026-05-07 10:12:56,964 - api - INFO - 缓存命中，直接返回
2026-05-07 10:12:56,966 - api - INFO - 缓存命中，直接返回
2026-05-07 10:12:56,969 - api - INFO - 缓存命中，直接返回
2026-05-07 10:12:56,973 - api - INFO - 缓存命中，直接返回
2026-05-07 10:12:56,976 - api - INFO - 缓存命中，直接返回
2026-05-07 10:12:56,978 - api - INFO - 缓存命中，直接返回
2026-05-07 10:12:56,981 - api - INFO - 缓存命中，直接返回
2026-05-07 10:12:57,016 - api - INFO - 缓存命中，直接返回
2026-05-07 10:12:57,019 - api - INFO - 缓存命中，直接返回
2026-05-07 10:12:57,021 - api - INFO - 缓存命中，直接返回
2026-05-07 10:12:57,023 - api - INFO - 缓存命中，直接返回
2026-05-07 10:12:57,026 - api - INFO - 缓存命中，直接返回
2026-05-07 10:12:57,030 - api - INFO - 缓存命中，直接返回
2026-05-07 10:12:57,032 - api - INFO - 缓存命中，直接返回
2026-05-07 10:12:57,034 - api - INFO - 缓存命中，直接返回
2026-05-07 10:12:57,037 - api - INFO - 缓存命中，直接返回
2026-05-07 10:12:57,040 - api - INFO - 缓存命中，直接返回
2026-05-08 10:07:21,184 - __main__ - INFO - 🚀 开始初始化服务...
2026-05-08 10:07:21,185 - __main__ - INFO - 📊 初始化 MySQL 数据库...
2026-05-08 10:07:21,931 - database - INFO - MySQL 数据库初始化完成
2026-05-08 10:07:21,931 - __main__ - INFO - ✅ MySQL 数据库初始化成功
2026-05-08 10:07:21,931 - __main__ - INFO - 📚 初始化 Milvus 向量数据库...
2026-05-08 10:07:22,495 - database - INFO - 📋 Milvus 配置信息: host=192.168.18.128, port=19530, ssl=False, timeout=30s
2026-05-08 10:07:22,495 - database - INFO - 🔄 连接 Milvus (第 1/3 次尝试, 标准连接): 192.168.18.128:19530
2026-05-08 10:07:22,574 - database - INFO - ✅ Milvus 连接成功，版本: 2.6.9
2026-05-08 10:07:22,577 - database - INFO - 📚 初始化 11 个角色知识库集合...
2026-05-08 10:07:22,822 - database - INFO - ✅ 角色知识库集合初始化完成
2026-05-08 10:07:22,838 - database - INFO - ✅ 长期记忆集合初始化完成
2026-05-08 10:07:22,853 - database - INFO - ✅ 股票数据集合初始化完成
2026-05-08 10:07:22,853 - __main__ - INFO - ✅ Milvus 向量数据库初始化成功
2026-05-08 10:07:22,853 - __main__ - INFO - 🔄 初始化角色知识库...
2026-05-08 10:07:23,075 - __main__ - INFO - ✅ 角色知识库初始化完成
2026-05-08 10:07:23,076 - __main__ - INFO - 🧠 加载向量化模型...
2026-05-08 10:07:23,076 - utils - INFO - 加载 BGE-m3 模型: D:\模型\bge_m3_model
2026-05-08 10:08:08,566 - sentence_transformers.SentenceTransformer - INFO - Use pytorch device_name: cpu
2026-05-08 10:08:08,566 - sentence_transformers.SentenceTransformer - INFO - Load pretrained SentenceTransformer: D:\模型\bge_m3_model
2026-05-08 10:08:08,568 - sentence_transformers.SentenceTransformer - WARNING - No sentence-transformers model found with name D:\模型\bge_m3_model. Creating a new one with mean pooling.
2026-05-08 10:08:09,746 - utils - INFO - ✅ BGE-m3 模型加载成功
2026-05-08 10:08:09,746 - __main__ - INFO - ✅ BGE-m3 向量化模型加载成功
2026-05-08 10:08:09,746 - utils - INFO - 加载 BGE-reranker 模型: D:\模型\bge-reranker-base
2026-05-08 10:08:09,898 - utils - INFO - 使用设备: cpu
2026-05-08 10:08:11,662 - utils - INFO - ✅ BGE-reranker 模型加载成功
2026-05-08 10:08:11,662 - __main__ - INFO - ✅ BGE-reranker 重排序模型加载成功
2026-05-08 10:08:11,662 - __main__ - INFO - 🔌 加载 Redis 客户端...
2026-05-08 10:08:11,662 - utils - INFO - 连接 Redis: localhost:6379
2026-05-08 10:08:13,828 - utils - INFO - ✅ Redis 连接成功
2026-05-08 10:08:13,828 - __main__ - INFO - ✅ Redis 客户端加载成功
2026-05-08 10:08:13,828 - __main__ - INFO - 🎉 服务初始化完成
2026-05-08 10:08:13,828 - __main__ - INFO - 🏗️ 创建 FastAPI 应用...
2026-05-08 10:08:13,828 - __main__ - INFO - 📡 注册 API 路由...
2026-05-08 10:08:13,858 - __main__ - INFO - ✅ FastAPI 应用创建完成
2026-05-08 10:08:13,858 - __main__ - INFO - 🚀 服务启动准备完成，端口: 8000
2026-05-08 10:12:39,724 - database - INFO - 用户登录成功: 13, 用户ID: 5
2026-05-08 10:12:45,394 - api - INFO - 收到流式聊天请求: user_id=5, role_id=1, has_file=False
2026-05-08 10:12:45,396 - api - INFO - 原问题: 帮我分析一下当前市场趋势... -> 改写后: 帮我分析一下当前市场趋势...
2026-05-08 10:12:49,193 - database - INFO - 开始重建 BM25 模型: financial_knowledge_role_1
2026-05-08 10:12:50,735 - database - INFO - BM25 模型重建完成: financial_knowledge_role_1，包含 5 条文档
2026-05-08 10:12:55,598 - httpx - INFO - HTTP Request: POST https://api.deepseek.com/v1/chat/completions "HTTP/1.1 200 OK"
2026-05-08 10:12:55,605 - api - INFO - 开始流式输出...
2026-05-08 10:13:00,426 - api - INFO - 流式输出完成，总长度: 569
2026-05-08 10:13:03,799 - database - INFO - 已存储长期记忆: user=5, role=1
2026-05-08 10:13:35,634 - api - INFO - 收到流式聊天请求: user_id=5, role_id=1, has_file=False
2026-05-08 10:13:35,636 - api - INFO - 原问题: 最近涨幅较大的理财项目有哪些... -> 改写后: 最近涨幅较大的理财项目有哪些...
2026-05-08 10:13:37,590 - httpx - INFO - HTTP Request: POST https://api.deepseek.com/v1/chat/completions "HTTP/1.1 200 OK"
2026-05-08 10:13:37,591 - api - INFO - 开始流式输出...
2026-05-08 10:13:41,802 - api - INFO - 流式输出完成，总长度: 526
2026-05-08 10:13:44,927 - database - INFO - 已存储长期记忆: user=5, role=1
2026-05-08 10:49:39,780 - api - INFO - 收到流式聊天请求: user_id=5, role_id=1, has_file=True
2026-05-08 10:49:39,802 - api - INFO - 收到文件: 免责.png, 类型: image/png, 数据长度: 201370
2026-05-08 10:49:39,804 - api - INFO - 文件数据格式正确（Base64 Data URI）
2026-05-08 10:49:40,052 - api - INFO - 图片尺寸: (824, 1168), 模式: RGBA
2026-05-08 10:49:40,063 - api - WARNING - Tesseract未安装，尝试其他OCR方案
2026-05-08 10:49:41,415 - api - INFO - 尝试使用EasyOCR...
2026-05-08 10:49:41,418 - easyocr.easyocr - WARNING - Using CPU. Note: This module is much faster with a GPU.
2026-05-08 10:49:55,154 - api - INFO - EasyOCR识别完成，长度: 362字符
2026-05-08 10:49:55,157 - api - INFO - 文件内容提取完成，长度: 362字符
2026-05-08 10:49:55,179 - api - INFO - 原问题: [文件] 免责.png

请帮我分析这个文件的内容。... -> 改写后: [文件] 免责.png

请帮我分析这个文件的内容。...
2026-05-08 10:50:00,209 - httpx - INFO - HTTP Request: POST https://api.deepseek.com/v1/chat/completions "HTTP/1.1 200 OK"
2026-05-08 10:50:00,212 - api - INFO - 开始流式输出...
2026-05-08 10:50:07,154 - api - INFO - 流式输出完成，总长度: 652
2026-05-08 10:50:12,275 - database - INFO - 已存储长期记忆: user=5, role=1
2026-05-08 10:57:21,137 - __main__ - INFO - 🏗️ 创建 FastAPI 应用...
2026-05-08 10:57:21,140 - __main__ - INFO - 📡 注册 API 路由...
2026-05-08 10:57:21,212 - __main__ - INFO - ✅ FastAPI 应用创建完成
2026-05-08 10:57:28,452 - __main__ - INFO - 🚀 开始初始化服务...
2026-05-08 10:57:28,452 - __main__ - INFO - 📊 初始化 MySQL 数据库...
2026-05-08 10:57:28,755 - database - INFO - MySQL 数据库初始化完成
2026-05-08 10:57:28,755 - __main__ - INFO - ✅ MySQL 数据库初始化成功
2026-05-08 10:57:28,756 - __main__ - INFO - 📚 初始化 Milvus 向量数据库...
2026-05-08 10:57:30,031 - database - INFO - 📋 Milvus 配置信息: host=192.168.18.128, port=19530, ssl=False, timeout=30s
2026-05-08 10:57:30,032 - database - INFO - 🔄 连接 Milvus (第 1/3 次尝试, 标准连接): 192.168.18.128:19530
2026-05-08 10:57:30,098 - database - INFO - ✅ Milvus 连接成功，版本: 2.6.9
2026-05-08 10:57:30,101 - database - INFO - 📚 初始化 11 个角色知识库集合...
2026-05-08 10:57:30,266 - database - INFO - ✅ 角色知识库集合初始化完成
2026-05-08 10:57:30,280 - database - INFO - ✅ 长期记忆集合初始化完成
2026-05-08 10:57:30,294 - database - INFO - ✅ 股票数据集合初始化完成
2026-05-08 10:57:30,294 - __main__ - INFO - ✅ Milvus 向量数据库初始化成功
2026-05-08 10:57:30,294 - __main__ - INFO - 🔄 初始化角色知识库...
2026-05-08 10:57:30,488 - __main__ - INFO - ✅ 角色知识库初始化完成
2026-05-08 10:57:30,489 - __main__ - INFO - 🧠 加载向量化模型...
2026-05-08 10:57:30,489 - utils - INFO - 加载 BGE-m3 模型: D:\模型\bge_m3_model
2026-05-08 10:57:44,435 - sentence_transformers.SentenceTransformer - INFO - Use pytorch device_name: cpu
2026-05-08 10:57:44,435 - sentence_transformers.SentenceTransformer - INFO - Load pretrained SentenceTransformer: D:\模型\bge_m3_model
2026-05-08 10:57:44,436 - sentence_transformers.SentenceTransformer - WARNING - No sentence-transformers model found with name D:\模型\bge_m3_model. Creating a new one with mean pooling.
2026-05-08 10:57:45,510 - utils - INFO - ✅ BGE-m3 模型加载成功
2026-05-08 10:57:45,510 - __main__ - INFO - ✅ BGE-m3 向量化模型加载成功
2026-05-08 10:57:45,510 - utils - INFO - 加载 BGE-reranker 模型: D:\模型\bge-reranker-base
2026-05-08 10:57:45,626 - utils - INFO - 使用设备: cpu
2026-05-08 10:57:47,270 - utils - INFO - ✅ BGE-reranker 模型加载成功
2026-05-08 10:57:47,272 - __main__ - INFO - ✅ BGE-reranker 重排序模型加载成功
2026-05-08 10:57:47,272 - __main__ - INFO - 🔌 加载 Redis 客户端...
2026-05-08 10:57:47,272 - utils - INFO - 连接 Redis: localhost:6379
2026-05-08 10:57:49,411 - utils - INFO - ✅ Redis 连接成功
2026-05-08 10:57:49,411 - __main__ - INFO - ✅ Redis 客户端加载成功
2026-05-08 10:57:49,411 - __main__ - INFO - 🎉 服务初始化完成
2026-05-08 10:57:49,411 - __main__ - INFO - 🏗️ 创建 FastAPI 应用...
2026-05-08 10:57:49,412 - __main__ - INFO - 📡 注册 API 路由...
2026-05-08 10:57:49,435 - __main__ - INFO - ✅ FastAPI 应用创建完成
2026-05-08 10:57:49,435 - __main__ - INFO - 🚀 服务启动准备完成，端口: 8000
2026-05-08 10:59:23,798 - database - INFO - 用户登录成功: 13, 用户ID: 5
2026-05-08 10:59:37,850 - api - INFO - 收到流式聊天请求: user_id=5, role_id=6, has_file=True
2026-05-08 10:59:37,851 - api - INFO - 收到文件: 免责.png, 类型: image/png, 数据长度: 201370
2026-05-08 10:59:37,864 - api - INFO - 图片尺寸: (824, 1168), 模式: RGBA
2026-05-08 10:59:37,866 - api - WARNING - Tesseract未安装，尝试其他OCR方案
2026-05-08 10:59:38,118 - api - INFO - 尝试使用EasyOCR...
2026-05-08 10:59:38,119 - easyocr.easyocr - WARNING - Using CPU. Note: This module is much faster with a GPU.
2026-05-08 10:59:48,066 - api - INFO - EasyOCR识别完成，长度: 362字符
2026-05-08 10:59:48,067 - api - INFO - 文件内容提取完成，长度: 362字符
2026-05-08 10:59:48,069 - api - INFO - 原问题: [图片] 免责.png

请帮我分析这张图片的内容。... -> 改写后: [图片] 免责.png

请帮我分析这张图片的内容。...
2026-05-08 10:59:51,079 - database - INFO - 开始重建 BM25 模型: financial_knowledge_role_6
2026-05-08 10:59:52,051 - database - INFO - BM25 模型重建完成: financial_knowledge_role_6，包含 5 条文档
2026-05-08 10:59:56,746 - httpx - INFO - HTTP Request: POST https://api.deepseek.com/v1/chat/completions "HTTP/1.1 200 OK"
2026-05-08 10:59:56,752 - api - INFO - 开始流式输出...
2026-05-08 10:59:57,806 - api - INFO - 流式输出完成，总长度: 82
2026-05-08 10:59:59,877 - database - INFO - 已存储长期记忆: user=5, role=6
2026-05-08 11:08:12,017 - __main__ - INFO - 🚀 开始初始化服务...
2026-05-08 11:08:12,017 - __main__ - INFO - 📊 初始化 MySQL 数据库...
2026-05-08 11:08:12,446 - database - INFO - MySQL 数据库初始化完成
2026-05-08 11:08:12,446 - __main__ - INFO - ✅ MySQL 数据库初始化成功
2026-05-08 11:08:12,447 - __main__ - INFO - 📚 初始化 Milvus 向量数据库...
2026-05-08 11:08:17,205 - __main__ - INFO - 🚀 开始初始化服务...
2026-05-08 11:08:17,207 - __main__ - INFO - 📊 初始化 MySQL 数据库...
2026-05-08 11:08:17,429 - database - INFO - MySQL 数据库初始化完成
2026-05-08 11:08:17,429 - __main__ - INFO - ✅ MySQL 数据库初始化成功
2026-05-08 11:08:17,430 - __main__ - INFO - 📚 初始化 Milvus 向量数据库...
2026-05-08 11:08:17,867 - database - INFO - 📋 Milvus 配置信息: host=192.168.18.128, port=19530, ssl=False, timeout=30s
2026-05-08 11:08:17,868 - database - INFO - 🔄 连接 Milvus (第 1/3 次尝试, 标准连接): 192.168.18.128:19530
2026-05-08 11:08:17,980 - database - INFO - ✅ Milvus 连接成功，版本: 2.6.9
2026-05-08 11:08:17,987 - database - INFO - 📚 初始化 11 个角色知识库集合...
2026-05-08 11:08:18,301 - database - INFO - ✅ 角色知识库集合初始化完成
2026-05-08 11:08:18,323 - database - INFO - ✅ 长期记忆集合初始化完成
2026-05-08 11:08:18,342 - database - INFO - ✅ 股票数据集合初始化完成
2026-05-08 11:08:18,342 - __main__ - INFO - ✅ Milvus 向量数据库初始化成功
2026-05-08 11:08:18,342 - __main__ - INFO - 🔄 初始化角色知识库...
2026-05-08 11:08:18,654 - __main__ - INFO - ✅ 角色知识库初始化完成
2026-05-08 11:08:18,654 - __main__ - INFO - 🧠 加载向量化模型...
2026-05-08 11:08:18,654 - utils - INFO - 加载 BGE-m3 模型: D:\模型\bge_m3_model
2026-05-08 11:08:42,847 - sentence_transformers.SentenceTransformer - INFO - Use pytorch device_name: cpu
2026-05-08 11:08:42,849 - sentence_transformers.SentenceTransformer - INFO - Load pretrained SentenceTransformer: D:\模型\bge_m3_model
2026-05-08 11:08:42,854 - sentence_transformers.SentenceTransformer - WARNING - No sentence-transformers model found with name D:\模型\bge_m3_model. Creating a new one with mean pooling.
2026-05-08 11:08:44,658 - utils - INFO - ✅ BGE-m3 模型加载成功
2026-05-08 11:08:44,658 - __main__ - INFO - ✅ BGE-m3 向量化模型加载成功
2026-05-08 11:08:44,658 - utils - INFO - 加载 BGE-reranker 模型: D:\模型\bge-reranker-base
2026-05-08 11:08:44,931 - utils - INFO - 使用设备: cpu
2026-05-08 11:08:47,911 - utils - INFO - ✅ BGE-reranker 模型加载成功
2026-05-08 11:08:47,911 - __main__ - INFO - ✅ BGE-reranker 重排序模型加载成功
2026-05-08 11:08:47,911 - __main__ - INFO - 🔌 加载 Redis 客户端...
2026-05-08 11:08:47,911 - utils - INFO - 连接 Redis: localhost:6379
2026-05-08 11:08:50,105 - utils - INFO - ✅ Redis 连接成功
2026-05-08 11:08:50,106 - __main__ - INFO - ✅ Redis 客户端加载成功
2026-05-08 11:08:50,106 - __main__ - INFO - 🎉 服务初始化完成
2026-05-08 11:08:50,106 - __main__ - INFO - 🏗️ 创建 FastAPI 应用...
2026-05-08 11:08:50,107 - __main__ - INFO - 📡 注册 API 路由...
2026-05-08 11:08:50,173 - __main__ - INFO - ✅ FastAPI 应用创建完成
2026-05-08 11:08:50,174 - __main__ - INFO - 🚀 服务启动准备完成，端口: 8000
2026-05-08 11:09:55,078 - database - INFO - 用户登录成功: 13, 用户ID: 5
2026-05-08 11:10:01,113 - api - INFO - 收到流式聊天请求: user_id=5, role_id=1, has_file=True
2026-05-08 11:10:01,114 - api - INFO - 收到文件: 免责.png, 类型: image/png, 数据长度: 201370
2026-05-08 11:10:01,137 - api - INFO - 图片尺寸: (824, 1168), 模式: RGBA
2026-05-08 11:10:01,138 - api - WARNING - Tesseract未安装，尝试其他OCR方案
2026-05-08 11:10:01,473 - api - INFO - 尝试使用EasyOCR...
2026-05-08 11:10:01,474 - easyocr.easyocr - WARNING - Using CPU. Note: This module is much faster with a GPU.
2026-05-08 11:10:14,761 - api - INFO - EasyOCR识别完成，长度: 362字符
2026-05-08 11:10:14,763 - api - INFO - 文件内容提取完成，长度: 362字符
2026-05-08 11:10:14,767 - api - INFO - 原问题: [图片] 免责.png

请帮我分析这张图片的内容。... -> 改写后: [图片] 免责.png

请帮我分析这张图片的内容。...
2026-05-08 11:10:18,899 - database - INFO - 开始重建 BM25 模型: financial_knowledge_role_1
2026-05-08 11:10:20,219 - database - INFO - BM25 模型重建完成: financial_knowledge_role_1，包含 5 条文档
2026-05-08 11:10:26,874 - httpx - INFO - HTTP Request: POST https://api.deepseek.com/v1/chat/completions "HTTP/1.1 200 OK"
2026-05-08 11:10:26,880 - api - INFO - 开始流式输出...
2026-05-08 11:10:32,327 - api - INFO - 流式输出完成，总长度: 636
2026-05-08 11:10:36,675 - database - INFO - 已存储长期记忆: user=5, role=1
2026-05-08 13:37:42,562 - database - INFO - 用户登录成功: 13, 用户ID: 5
2026-05-08 13:37:48,133 - api - INFO - 收到流式聊天请求: user_id=5, role_id=1, has_file=True
2026-05-08 13:37:48,134 - api - INFO - 收到文件: 免责.png, 类型: image/png, 数据长度: 201370
2026-05-08 13:37:48,157 - api - INFO - 图片尺寸: (824, 1168), 模式: RGBA
2026-05-08 13:37:48,179 - api - WARNING - Tesseract未安装，尝试其他OCR方案
2026-05-08 13:37:48,179 - api - INFO - 尝试使用EasyOCR...
2026-05-08 13:37:48,192 - easyocr.easyocr - WARNING - Using CPU. Note: This module is much faster with a GPU.
2026-05-08 13:37:56,520 - api - INFO - EasyOCR识别完成，长度: 362字符
2026-05-08 13:37:56,522 - api - INFO - 文件内容提取完成，长度: 362字符
2026-05-08 13:37:56,542 - api - INFO - 原问题: [图片] 免责.png

请帮我分析这张图片的内容。... -> 改写后: [图片] 免责.png

请帮我分析这张图片的内容。...
2026-05-08 13:41:09,136 - __main__ - INFO - 🚀 开始初始化服务...
2026-05-08 13:41:09,137 - __main__ - INFO - 📊 初始化 MySQL 数据库...
2026-05-08 13:41:09,426 - database - INFO - MySQL 数据库初始化完成
2026-05-08 13:41:09,426 - __main__ - INFO - ✅ MySQL 数据库初始化成功
2026-05-08 13:41:09,426 - __main__ - INFO - 📚 初始化 Milvus 向量数据库...
2026-05-08 13:41:09,797 - database - INFO - 📋 Milvus 配置信息: host=192.168.18.128, port=19530, ssl=False, timeout=30s
2026-05-08 13:41:09,798 - database - INFO - 🔄 连接 Milvus (第 1/3 次尝试, 标准连接): 192.168.18.128:19530
2026-05-08 13:41:09,839 - database - INFO - ✅ Milvus 连接成功，版本: 2.6.9
2026-05-08 13:41:09,842 - database - INFO - 📚 初始化 11 个角色知识库集合...
2026-05-08 13:41:09,997 - database - INFO - ✅ 角色知识库集合初始化完成
2026-05-08 13:41:10,010 - database - INFO - ✅ 长期记忆集合初始化完成
2026-05-08 13:41:10,028 - database - INFO - ✅ 股票数据集合初始化完成
2026-05-08 13:41:10,028 - __main__ - INFO - ✅ Milvus 向量数据库初始化成功
2026-05-08 13:41:10,028 - __main__ - INFO - 🔄 初始化角色知识库...
2026-05-08 13:41:10,188 - __main__ - INFO - ✅ 角色知识库初始化完成
2026-05-08 13:41:10,188 - __main__ - INFO - 🧠 加载向量化模型...
2026-05-08 13:41:10,188 - utils - INFO - 加载 BGE-m3 模型: D:\模型\bge_m3_model
2026-05-08 13:41:23,491 - sentence_transformers.SentenceTransformer - INFO - Use pytorch device_name: cpu
2026-05-08 13:41:23,491 - sentence_transformers.SentenceTransformer - INFO - Load pretrained SentenceTransformer: D:\模型\bge_m3_model
2026-05-08 13:41:23,492 - sentence_transformers.SentenceTransformer - WARNING - No sentence-transformers model found with name D:\模型\bge_m3_model. Creating a new one with mean pooling.
2026-05-08 13:41:24,381 - utils - INFO - ✅ BGE-m3 模型加载成功
2026-05-08 13:41:24,381 - __main__ - INFO - ✅ BGE-m3 向量化模型加载成功
2026-05-08 13:41:24,381 - utils - INFO - 加载 BGE-reranker 模型: D:\模型\bge-reranker-base
2026-05-08 13:41:24,487 - utils - INFO - 使用设备: cpu
2026-05-08 13:41:25,856 - utils - INFO - ✅ BGE-reranker 模型加载成功
2026-05-08 13:41:25,856 - __main__ - INFO - ✅ BGE-reranker 重排序模型加载成功
2026-05-08 13:41:25,856 - __main__ - INFO - 🔌 加载 Redis 客户端...
2026-05-08 13:41:25,856 - utils - INFO - 连接 Redis: localhost:6379
2026-05-08 13:41:27,985 - utils - INFO - ✅ Redis 连接成功
2026-05-08 13:41:27,985 - __main__ - INFO - ✅ Redis 客户端加载成功
2026-05-08 13:41:27,985 - __main__ - INFO - 🎉 服务初始化完成
2026-05-08 13:41:27,985 - __main__ - INFO - 🏗️ 创建 FastAPI 应用...
2026-05-08 13:41:27,985 - __main__ - INFO - 📡 注册 API 路由...
2026-05-08 13:41:28,013 - __main__ - INFO - ✅ FastAPI 应用创建完成
2026-05-08 13:41:28,013 - __main__ - INFO - 🚀 服务启动准备完成，端口: 8000
2026-05-08 13:43:00,925 - database - INFO - 用户登录成功: 13, 用户ID: 5
2026-05-08 13:43:06,298 - api - INFO - 收到流式聊天请求: user_id=5, role_id=1, has_file=True
2026-05-08 13:43:06,298 - api - INFO - 收到文件: 免责.png, 类型: image/png, 数据长度: 201370
2026-05-08 13:43:06,315 - api - INFO - 图片尺寸: (824, 1168), 模式: RGBA
2026-05-08 13:43:06,316 - api - WARNING - Tesseract未安装，尝试其他OCR方案
2026-05-08 13:43:06,607 - api - INFO - 尝试使用EasyOCR...
2026-05-08 13:43:06,608 - easyocr.easyocr - WARNING - Using CPU. Note: This module is much faster with a GPU.
2026-05-08 13:43:15,042 - api - INFO - EasyOCR识别完成，长度: 362字符
2026-05-08 13:43:15,043 - api - INFO - 文件内容提取完成，长度: 362字符
2026-05-08 13:43:15,044 - api - INFO - 原问题: [图片] 免责.png

请帮我分析这张图片的内容。... -> 改写后: [图片] 免责.png

请帮我分析这张图片的内容。...
2026-05-08 13:43:17,598 - database - INFO - 开始重建 BM25 模型: financial_knowledge_role_1
2026-05-08 13:43:18,539 - database - INFO - BM25 模型重建完成: financial_knowledge_role_1，包含 5 条文档
2026-05-08 13:43:23,059 - httpx - INFO - HTTP Request: POST https://api.deepseek.com/v1/chat/completions "HTTP/1.1 200 OK"
2026-05-08 13:43:23,066 - api - INFO - 开始流式输出...
2026-05-08 13:43:29,350 - api - INFO - 流式输出完成，总长度: 636
2026-05-08 13:43:32,777 - database - INFO - 已存储长期记忆: user=5, role=1
2026-05-08 13:44:55,663 - api - INFO - 收到流式聊天请求: user_id=5, role_id=3, has_file=False
2026-05-08 13:44:55,664 - api - INFO - 原问题: 帮我分析一下当前市场趋势... -> 改写后: 帮我分析一下当前市场趋势...
2026-05-08 13:44:56,271 - database - INFO - 开始重建 BM25 模型: financial_knowledge_role_3
2026-05-08 13:44:56,311 - database - INFO - BM25 模型重建完成: financial_knowledge_role_3，包含 5 条文档
2026-05-08 13:44:57,380 - httpx - INFO - HTTP Request: POST https://api.deepseek.com/v1/chat/completions "HTTP/1.1 200 OK"
2026-05-08 13:44:57,380 - api - INFO - 开始流式输出...
2026-05-08 13:45:03,919 - api - INFO - 流式输出完成，总长度: 620
2026-05-08 13:45:07,390 - database - INFO - 已存储长期记忆: user=5, role=3
2026-05-08 13:48:03,379 - api - INFO - 收到流式聊天请求: user_id=5, role_id=6, has_file=True
2026-05-08 13:48:03,379 - api - INFO - 收到文件: recording_1778219257755.webm, 类型: audio/webm, 数据长度: 106035
2026-05-08 13:48:03,379 - api - INFO - 开始语音识别: recording_1778219257755.webm, 大小: 79508 bytes
2026-05-08 13:48:03,382 - api - WARNING - SpeechRecognition未安装
2026-05-08 13:48:03,384 - api - WARNING - Whisper未安装
2026-05-08 13:48:03,384 - api - INFO - 文件内容提取完成，长度: 91字符
2026-05-08 13:48:03,385 - api - INFO - 原问题: 心情不好☹️... -> 改写后: 心情不好☹️...
2026-05-08 13:48:04,111 - database - INFO - 开始重建 BM25 模型: financial_knowledge_role_6
2026-05-08 13:48:04,152 - database - INFO - BM25 模型重建完成: financial_knowledge_role_6，包含 5 条文档
2026-05-08 13:48:05,389 - httpx - INFO - HTTP Request: POST https://api.deepseek.com/v1/chat/completions "HTTP/1.1 200 OK"
2026-05-08 13:48:05,390 - api - INFO - 开始流式输出...
2026-05-08 13:48:07,456 - api - INFO - 流式输出完成，总长度: 98
2026-05-08 13:48:09,969 - database - INFO - 已存储长期记忆: user=5, role=6
2026-05-08 13:48:30,160 - api - INFO - 收到流式聊天请求: user_id=5, role_id=6, has_file=False
2026-05-08 13:48:30,161 - api - INFO - 原问题: 天天都要加班... -> 改写后: 天天都要加班...
2026-05-08 13:48:32,133 - httpx - INFO - HTTP Request: POST https://api.deepseek.com/v1/chat/completions "HTTP/1.1 200 OK"
2026-05-08 13:48:32,133 - api - INFO - 开始流式输出...
2026-05-08 13:48:34,246 - api - INFO - 流式输出完成，总长度: 116
2026-05-08 13:48:36,758 - database - INFO - 已存储长期记忆: user=5, role=6
2026-05-08 13:50:11,987 - api - INFO - 收到流式聊天请求: user_id=5, role_id=6, has_file=False
2026-05-08 13:50:11,989 - api - INFO - 原问题: 今天天气怎么样？... -> 改写后: 今天天气怎么样？...
2026-05-08 13:50:13,757 - httpx - INFO - HTTP Request: POST https://api.deepseek.com/v1/chat/completions "HTTP/1.1 200 OK"
2026-05-08 13:50:13,757 - api - INFO - 开始流式输出...
2026-05-08 13:50:16,186 - api - INFO - 流式输出完成，总长度: 119
2026-05-08 13:50:18,207 - database - INFO - 已存储长期记忆: user=5, role=6
2026-05-08 13:50:30,222 - api - INFO - 收到流式聊天请求: user_id=5, role_id=6, has_file=False
2026-05-08 13:50:30,223 - api - INFO - 原问题: 我在北京昌平区... -> 改写后: 我在北京昌平区...
2026-05-08 13:50:32,206 - httpx - INFO - HTTP Request: POST https://api.deepseek.com/v1/chat/completions "HTTP/1.1 200 OK"
2026-05-08 13:50:32,207 - api - INFO - 开始流式输出...
2026-05-08 13:50:34,248 - api - INFO - 流式输出完成，总长度: 126
2026-05-08 13:50:36,340 - database - INFO - 已存储长期记忆: user=5, role=6
2026-05-08 14:02:30,294 - api - INFO - 原始查询: 请介绍一下股票投资的基本概念 -> 改写后: 请介绍一下股票投资的基本概念
2026-05-08 14:02:32,140 - api - INFO - 多源检索完成，耗时: 1.85秒
2026-05-08 14:02:32,441 - httpx - INFO - HTTP Request: POST https://api.deepseek.com/v1/chat/completions "HTTP/1.1 200 OK"
2026-05-08 14:02:41,439 - database - INFO - 已存储长期记忆: user=1, role=1
2026-05-08 14:02:41,446 - api - INFO - 缓存命中，直接返回
2026-05-08 14:02:41,467 - api - INFO - 原始查询: 什么是指数基金？它有什么特点？ -> 改写后: 什么是指数基金？它有什么特点？
2026-05-08 14:02:43,461 - api - INFO - 多源检索完成，耗时: 1.99秒
2026-05-08 14:02:43,923 - httpx - INFO - HTTP Request: POST https://api.deepseek.com/v1/chat/completions "HTTP/1.1 200 OK"
2026-05-08 14:02:52,517 - database - INFO - 已存储长期记忆: user=2, role=1
2026-05-08 14:02:52,560 - api - INFO - 原始查询: 如何进行资产配置？有哪些策略？ -> 改写后: 如何进行资产配置？有哪些策略？
2026-05-08 14:02:56,117 - api - INFO - 多源检索完成，耗时: 3.56秒
2026-05-08 14:02:56,436 - httpx - INFO - HTTP Request: POST https://api.deepseek.com/v1/chat/completions "HTTP/1.1 200 OK"
2026-05-08 14:03:03,939 - database - INFO - 已存储长期记忆: user=3, role=1
2026-05-08 14:03:03,953 - api - INFO - 原始查询: 解释一下市盈率PE和市净率PB指标 -> 改写后: 解释一下市盈率PE和市净率PB指标
2026-05-08 14:03:05,774 - api - INFO - 多源检索完成，耗时: 1.82秒
2026-05-08 14:03:06,248 - httpx - INFO - HTTP Request: POST https://api.deepseek.com/v1/chat/completions "HTTP/1.1 200 OK"
2026-05-08 14:03:15,230 - database - INFO - 已存储长期记忆: user=4, role=1
2026-05-08 14:03:15,247 - api - INFO - 原始查询: 如何分析公司的财务报表？ -> 改写后: 如何分析公司的财务报表？
2026-05-08 14:03:17,902 - api - INFO - 多源检索完成，耗时: 2.66秒
2026-05-08 14:03:18,794 - httpx - INFO - HTTP Request: POST https://api.deepseek.com/v1/chat/completions "HTTP/1.1 200 OK"
2026-05-08 14:03:30,783 - database - INFO - 已存储长期记忆: user=5, role=1
2026-05-08 14:03:30,798 - api - INFO - 原始查询: 什么是ETF？和普通基金有什么区别？ -> 改写后: 什么是ETF？和普通基金有什么区别？
2026-05-08 14:03:32,462 - api - INFO - 多源检索完成，耗时: 1.66秒
2026-05-08 14:03:33,741 - httpx - INFO - HTTP Request: POST https://api.deepseek.com/v1/chat/completions "HTTP/1.1 200 OK"
2026-05-08 14:03:41,976 - database - INFO - 已存储长期记忆: user=6, role=1
2026-05-08 14:03:41,979 - api - INFO - 原始查询: 债券投资有哪些风险？ -> 改写后: 债券投资有哪些风险？
2026-05-08 14:03:43,580 - api - INFO - 多源检索完成，耗时: 1.60秒
2026-05-08 14:03:43,868 - httpx - INFO - HTTP Request: POST https://api.deepseek.com/v1/chat/completions "HTTP/1.1 200 OK"
2026-05-08 14:03:52,580 - database - INFO - 已存储长期记忆: user=7, role=1
2026-05-08 14:03:52,608 - api - INFO - 原始查询: 什么是分散投资？为什么重要？ -> 改写后: 什么是分散投资？为什么重要？
2026-05-08 14:03:54,405 - api - INFO - 多源检索完成，耗时: 1.80秒
2026-05-08 14:03:55,543 - httpx - INFO - HTTP Request: POST https://api.deepseek.com/v1/chat/completions "HTTP/1.1 200 OK"
2026-05-08 14:04:01,386 - database - INFO - 已存储长期记忆: user=8, role=1
2026-05-08 14:04:01,400 - api - INFO - 原始查询: 如何评估一只股票的价值？ -> 改写后: 如何评估一只股票的价值？
2026-05-08 14:04:03,121 - api - INFO - 多源检索完成，耗时: 1.72秒
2026-05-08 14:04:05,808 - httpx - INFO - HTTP Request: POST https://api.deepseek.com/v1/chat/completions "HTTP/1.1 200 OK"
2026-05-08 14:04:15,387 - database - INFO - 已存储长期记忆: user=9, role=1
2026-05-08 14:04:15,392 - api - INFO - 原始查询: 什么是技术分析和基本面分析？ -> 改写后: 什么是技术分析和基本面分析？
2026-05-08 14:04:17,175 - api - INFO - 多源检索完成，耗时: 1.78秒
2026-05-08 14:04:17,473 - httpx - INFO - HTTP Request: POST https://api.deepseek.com/v1/chat/completions "HTTP/1.1 200 OK"
2026-05-08 14:04:25,075 - database - INFO - 已存储长期记忆: user=10, role=1
2026-05-08 15:37:42,271 - __main__ - INFO - 🚀 开始初始化服务...
2026-05-08 15:37:42,272 - __main__ - INFO - 📊 初始化 MySQL 数据库...
2026-05-08 15:37:42,375 - database - ERROR - MySQL 鉴权失败：请在 .env 中配置 MYSQL_HOST/MYSQL_PORT/MYSQL_USER/MYSQL_PASSWORD/MYSQL_DATABASE。
2026-05-08 15:37:42,375 - __main__ - ERROR - ❌ MySQL 数据库初始化失败: (1045, "Access denied for user 'root'@'localhost' (using password: NO)")
2026-05-08 15:37:42,376 - __main__ - ERROR - ❌ 服务启动失败: (1045, "Access denied for user 'root'@'localhost' (using password: NO)")
Traceback (most recent call last):
  File "D:\桌面\ai对话系统\project_root\last_duan\main.py", line 170, in main
    init_services()
  File "D:\桌面\ai对话系统\project_root\last_duan\main.py", line 61, in init_services
    database.init_database()
  File "D:\桌面\ai对话系统\project_root\last_duan\database.py", line 106, in init_database
    server_conn = pymysql.connect(
                  ^^^^^^^^^^^^^^^^
  File "D:\an10-1\Lib\site-packages\pymysql\connections.py", line 365, in __init__
    self.connect()
  File "D:\an10-1\Lib\site-packages\pymysql\connections.py", line 681, in connect
    self._request_authentication()
  File "D:\an10-1\Lib\site-packages\pymysql\connections.py", line 972, in _request_authentication
    auth_packet = self._process_auth(plugin_name, auth_packet)
                  ^^^^^^^^^^^^^^^^^^^^^^^^^^^^^^^^^^^^^^^^^^^^
  File "D:\an10-1\Lib\site-packages\pymysql\connections.py", line 1063, in _process_auth
    pkt = self._read_packet()
          ^^^^^^^^^^^^^^^^^^^
  File "D:\an10-1\Lib\site-packages\pymysql\connections.py", line 782, in _read_packet
    packet.raise_for_error()
  File "D:\an10-1\Lib\site-packages\pymysql\protocol.py", line 219, in raise_for_error
    err.raise_mysql_exception(self._data)
  File "D:\an10-1\Lib\site-packages\pymysql\err.py", line 150, in raise_mysql_exception
    raise errorclass(errno, errval)
pymysql.err.OperationalError: (1045, "Access denied for user 'root'@'localhost' (using password: NO)")
2026-05-08 15:56:12,060 - __main__ - INFO - 🚀 开始初始化服务...
2026-05-08 15:56:12,060 - __main__ - INFO - 📊 初始化 MySQL 数据库...
2026-05-08 15:56:12,156 - database - ERROR - MySQL 鉴权失败：请在 .env 中配置 MYSQL_HOST/MYSQL_PORT/MYSQL_USER/MYSQL_PASSWORD/MYSQL_DATABASE。
2026-05-08 15:56:12,157 - __main__ - ERROR - ❌ MySQL 数据库初始化失败: (1045, "Access denied for user 'root'@'localhost' (using password: NO)")
2026-05-08 15:56:12,157 - __main__ - ERROR - ❌ 服务启动失败: (1045, "Access denied for user 'root'@'localhost' (using password: NO)")
Traceback (most recent call last):
  File "D:\桌面\ai对话系统\project_root\last_duan\main.py", line 170, in main
    init_services()
  File "D:\桌面\ai对话系统\project_root\last_duan\main.py", line 61, in init_services
    database.init_database()
  File "D:\桌面\ai对话系统\project_root\last_duan\database.py", line 106, in init_database
    server_conn = pymysql.connect(
                  ^^^^^^^^^^^^^^^^
  File "D:\an10-1\Lib\site-packages\pymysql\connections.py", line 365, in __init__
    self.connect()
  File "D:\an10-1\Lib\site-packages\pymysql\connections.py", line 681, in connect
    self._request_authentication()
  File "D:\an10-1\Lib\site-packages\pymysql\connections.py", line 972, in _request_authentication
    auth_packet = self._process_auth(plugin_name, auth_packet)
                  ^^^^^^^^^^^^^^^^^^^^^^^^^^^^^^^^^^^^^^^^^^^^
  File "D:\an10-1\Lib\site-packages\pymysql\connections.py", line 1063, in _process_auth
    pkt = self._read_packet()
          ^^^^^^^^^^^^^^^^^^^
  File "D:\an10-1\Lib\site-packages\pymysql\connections.py", line 782, in _read_packet
    packet.raise_for_error()
  File "D:\an10-1\Lib\site-packages\pymysql\protocol.py", line 219, in raise_for_error
    err.raise_mysql_exception(self._data)
  File "D:\an10-1\Lib\site-packages\pymysql\err.py", line 150, in raise_mysql_exception
    raise errorclass(errno, errval)
pymysql.err.OperationalError: (1045, "Access denied for user 'root'@'localhost' (using password: NO)")
2026-05-08 16:01:02,251 - __main__ - INFO - 🚀 开始初始化服务...
2026-05-08 16:01:02,252 - __main__ - INFO - 📊 初始化 MySQL 数据库...
2026-05-08 16:01:02,363 - database - ERROR - MySQL 鉴权失败：请在 .env 中配置 MYSQL_HOST/MYSQL_PORT/MYSQL_USER/MYSQL_PASSWORD/MYSQL_DATABASE。
2026-05-08 16:01:02,363 - __main__ - ERROR - ❌ MySQL 数据库初始化失败: (1045, "Access denied for user 'root'@'localhost' (using password: NO)")
2026-05-08 16:01:02,363 - __main__ - ERROR - ❌ 服务启动失败: (1045, "Access denied for user 'root'@'localhost' (using password: NO)")
Traceback (most recent call last):
  File "D:\桌面\ai对话系统\project_root\last_duan\main.py", line 170, in main
    init_services()
  File "D:\桌面\ai对话系统\project_root\last_duan\main.py", line 61, in init_services
    database.init_database()
  File "D:\桌面\ai对话系统\project_root\last_duan\database.py", line 106, in init_database
    server_conn = pymysql.connect(
  File "D:\an10-1\envs\nlp_1\lib\site-packages\pymysql\connections.py", line 358, in __init__
    self.connect()
  File "D:\an10-1\envs\nlp_1\lib\site-packages\pymysql\connections.py", line 664, in connect
    self._request_authentication()
  File "D:\an10-1\envs\nlp_1\lib\site-packages\pymysql\connections.py", line 968, in _request_authentication
    auth_packet = self._process_auth(plugin_name, auth_packet)
  File "D:\an10-1\envs\nlp_1\lib\site-packages\pymysql\connections.py", line 1062, in _process_auth
    pkt = self._read_packet()
  File "D:\an10-1\envs\nlp_1\lib\site-packages\pymysql\connections.py", line 772, in _read_packet
    packet.raise_for_error()
  File "D:\an10-1\envs\nlp_1\lib\site-packages\pymysql\protocol.py", line 221, in raise_for_error
    err.raise_mysql_exception(self._data)
  File "D:\an10-1\envs\nlp_1\lib\site-packages\pymysql\err.py", line 143, in raise_mysql_exception
    raise errorclass(errno, errval)
pymysql.err.OperationalError: (1045, "Access denied for user 'root'@'localhost' (using password: NO)")
2026-05-08 16:01:05,209 - __main__ - INFO - 🚀 开始初始化服务...
2026-05-08 16:01:05,210 - __main__ - INFO - 📊 初始化 MySQL 数据库...
2026-05-08 16:01:05,294 - database - ERROR - MySQL 鉴权失败：请在 .env 中配置 MYSQL_HOST/MYSQL_PORT/MYSQL_USER/MYSQL_PASSWORD/MYSQL_DATABASE。
2026-05-08 16:01:05,294 - __main__ - ERROR - ❌ MySQL 数据库初始化失败: (1045, "Access denied for user 'root'@'localhost' (using password: NO)")
2026-05-08 16:01:05,294 - __main__ - ERROR - ❌ 服务启动失败: (1045, "Access denied for user 'root'@'localhost' (using password: NO)")
Traceback (most recent call last):
  File "D:\桌面\ai对话系统\project_root\last_duan\main.py", line 170, in main
    init_services()
  File "D:\桌面\ai对话系统\project_root\last_duan\main.py", line 61, in init_services
    database.init_database()
  File "D:\桌面\ai对话系统\project_root\last_duan\database.py", line 106, in init_database
    server_conn = pymysql.connect(
  File "D:\an10-1\envs\nlp_1\lib\site-packages\pymysql\connections.py", line 358, in __init__
    self.connect()
  File "D:\an10-1\envs\nlp_1\lib\site-packages\pymysql\connections.py", line 664, in connect
    self._request_authentication()
  File "D:\an10-1\envs\nlp_1\lib\site-packages\pymysql\connections.py", line 968, in _request_authentication
    auth_packet = self._process_auth(plugin_name, auth_packet)
  File "D:\an10-1\envs\nlp_1\lib\site-packages\pymysql\connections.py", line 1062, in _process_auth
    pkt = self._read_packet()
  File "D:\an10-1\envs\nlp_1\lib\site-packages\pymysql\connections.py", line 772, in _read_packet
    packet.raise_for_error()
  File "D:\an10-1\envs\nlp_1\lib\site-packages\pymysql\protocol.py", line 221, in raise_for_error
    err.raise_mysql_exception(self._data)
  File "D:\an10-1\envs\nlp_1\lib\site-packages\pymysql\err.py", line 143, in raise_mysql_exception
    raise errorclass(errno, errval)
pymysql.err.OperationalError: (1045, "Access denied for user 'root'@'localhost' (using password: NO)")
2026-05-08 16:02:19,165 - __main__ - INFO - 🚀 开始初始化服务...
2026-05-08 16:02:19,165 - __main__ - INFO - 📊 初始化 MySQL 数据库...
2026-05-08 16:02:19,317 - database - INFO - MySQL 数据库初始化完成
2026-05-08 16:02:19,317 - __main__ - INFO - ✅ MySQL 数据库初始化成功
2026-05-08 16:02:19,317 - __main__ - INFO - 📚 初始化 Milvus 向量数据库...
2026-05-08 16:02:19,656 - database - INFO - 📋 Milvus 配置信息: host=192.168.18.128, port=19530, ssl=False, timeout=30s
2026-05-08 16:02:19,656 - database - INFO - 🔄 连接 Milvus (第 1/3 次尝试, 标准连接): 192.168.18.128:19530
2026-05-08 16:02:19,677 - database - INFO - ✅ Milvus 连接成功，版本: 2.6.9
2026-05-08 16:02:19,698 - database - INFO - 📚 初始化 11 个角色知识库集合...
2026-05-08 16:02:19,830 - database - INFO - ✅ 角色知识库集合初始化完成
2026-05-08 16:02:19,842 - database - INFO - ✅ 长期记忆集合初始化完成
2026-05-08 16:02:19,855 - database - INFO - ✅ 股票数据集合初始化完成
2026-05-08 16:02:19,855 - __main__ - INFO - ✅ Milvus 向量数据库初始化成功
2026-05-08 16:02:19,855 - __main__ - INFO - 🔄 初始化角色知识库...
2026-05-08 16:02:20,030 - __main__ - INFO - ✅ 角色知识库初始化完成
2026-05-08 16:02:20,030 - __main__ - INFO - 🧠 加载向量化模型...
2026-05-08 16:02:20,030 - utils - INFO - 加载 BGE-m3 模型: D:\模型\bge_m3_model
2026-05-08 16:02:31,067 - sentence_transformers.SentenceTransformer - INFO - Use pytorch device_name: cpu
2026-05-08 16:02:31,067 - sentence_transformers.SentenceTransformer - INFO - Load pretrained SentenceTransformer: D:\模型\bge_m3_model
2026-05-08 16:02:31,067 - sentence_transformers.SentenceTransformer - WARNING - No sentence-transformers model found with name D:\模型\bge_m3_model. Creating a new one with mean pooling.
2026-05-08 16:02:31,893 - utils - INFO - ✅ BGE-m3 模型加载成功
2026-05-08 16:02:31,893 - __main__ - INFO - ✅ BGE-m3 向量化模型加载成功
2026-05-08 16:02:31,893 - utils - INFO - 加载 BGE-reranker 模型: D:\模型\bge-reranker-base
2026-05-08 16:02:32,041 - utils - INFO - 使用设备: cpu
2026-05-08 16:02:33,466 - utils - INFO - ✅ BGE-reranker 模型加载成功
2026-05-08 16:02:33,466 - __main__ - INFO - ✅ BGE-reranker 重排序模型加载成功
2026-05-08 16:02:33,466 - __main__ - INFO - 🔌 加载 Redis 客户端...
2026-05-08 16:02:33,466 - utils - INFO - 连接 Redis: localhost:6379
2026-05-08 16:02:35,614 - utils - INFO - ✅ Redis 连接成功
2026-05-08 16:02:35,615 - __main__ - INFO - ✅ Redis 客户端加载成功
2026-05-08 16:02:35,615 - __main__ - INFO - 🎉 服务初始化完成
2026-05-08 16:02:35,615 - __main__ - INFO - 🏗️ 创建 FastAPI 应用...
2026-05-08 16:02:35,615 - __main__ - INFO - 📡 注册 API 路由...
2026-05-08 16:02:35,634 - __main__ - INFO - ✅ FastAPI 应用创建完成
2026-05-08 16:02:35,634 - __main__ - INFO - 🚀 服务启动准备完成，端口: 8000
2026-05-08 16:27:47,313 - __main__ - INFO - 🏗️ 创建 FastAPI 应用...
2026-05-08 16:27:47,328 - __main__ - INFO - 📡 注册 API 路由...
2026-05-08 16:27:47,400 - __main__ - INFO - ✅ FastAPI 应用创建完成
2026-05-08 16:28:03,357 - __main__ - INFO - 🚀 开始初始化服务...
2026-05-08 16:28:03,357 - __main__ - INFO - 📊 初始化 MySQL 数据库...
2026-05-08 16:28:04,524 - database - INFO - MySQL 数据库初始化完成
2026-05-08 16:28:04,525 - __main__ - INFO - ✅ MySQL 数据库初始化成功
2026-05-08 16:28:04,525 - __main__ - INFO - 📚 初始化 Milvus 向量数据库...
2026-05-08 16:28:05,585 - database - INFO - 📋 Milvus 配置信息: host=192.168.18.128, port=19530, ssl=False, timeout=30s
2026-05-08 16:28:05,586 - database - INFO - 🔄 连接 Milvus (第 1/3 次尝试, 标准连接): 192.168.18.128:19530
2026-05-08 16:28:05,727 - database - INFO - ✅ Milvus 连接成功，版本: 2.6.9
2026-05-08 16:28:05,747 - database - INFO - 📚 初始化 11 个角色知识库集合...
2026-05-08 16:28:06,172 - database - INFO - ✅ 角色知识库集合初始化完成
2026-05-08 16:28:06,202 - database - INFO - ✅ 长期记忆集合初始化完成
2026-05-08 16:28:06,236 - database - INFO - ✅ 股票数据集合初始化完成
2026-05-08 16:28:06,237 - __main__ - INFO - ✅ Milvus 向量数据库初始化成功
2026-05-08 16:28:06,237 - __main__ - INFO - 🔄 初始化角色知识库...
2026-05-08 16:28:06,800 - __main__ - INFO - ✅ 角色知识库初始化完成
2026-05-08 16:28:06,801 - __main__ - INFO - 🧠 加载向量化模型...
2026-05-08 16:28:06,801 - utils - INFO - 加载 BGE-m3 模型: D:\模型\bge_m3_model
2026-05-08 20:32:59,558 - __main__ - INFO - 🚀 开始初始化服务...
2026-05-08 20:32:59,559 - __main__ - INFO - 📊 初始化 MySQL 数据库...
2026-05-08 20:33:00,432 - database - INFO - MySQL 数据库初始化完成
2026-05-08 20:33:00,432 - __main__ - INFO - ✅ MySQL 数据库初始化成功
2026-05-08 20:33:00,432 - __main__ - INFO - 📚 初始化 Milvus 向量数据库...
2026-05-08 20:33:01,188 - database - INFO - 📋 Milvus 配置信息: host=192.168.18.128, port=19530, ssl=False, timeout=30s
2026-05-08 20:33:01,189 - database - INFO - 🔄 连接 Milvus (第 1/3 次尝试, 标准连接): 192.168.18.128:19530
2026-05-08 20:33:01,310 - database - INFO - ✅ Milvus 连接成功，版本: 2.6.9
2026-05-08 20:33:01,335 - database - INFO - 📚 初始化 11 个角色知识库集合...
2026-05-08 20:33:01,805 - database - INFO - ✅ 角色知识库集合初始化完成
2026-05-08 20:33:01,824 - database - INFO - ✅ 长期记忆集合初始化完成
2026-05-08 20:33:01,843 - database - INFO - ✅ 股票数据集合初始化完成
2026-05-08 20:33:01,844 - __main__ - INFO - ✅ Milvus 向量数据库初始化成功
2026-05-08 20:33:01,844 - __main__ - INFO - 🔄 初始化角色知识库...
2026-05-08 20:33:02,222 - __main__ - INFO - ✅ 角色知识库初始化完成
2026-05-08 20:33:02,222 - __main__ - INFO - 🧠 加载向量化模型...
2026-05-08 20:33:02,223 - utils - INFO - 加载 BGE-m3 模型: D:\模型\bge_m3_model
2026-05-08 20:34:15,150 - sentence_transformers.SentenceTransformer - INFO - Use pytorch device_name: cpu
2026-05-08 20:34:15,150 - sentence_transformers.SentenceTransformer - INFO - Load pretrained SentenceTransformer: D:\模型\bge_m3_model
2026-05-08 20:34:15,152 - sentence_transformers.SentenceTransformer - WARNING - No sentence-transformers model found with name D:\模型\bge_m3_model. Creating a new one with mean pooling.
2026-05-08 20:34:16,178 - utils - INFO - ✅ BGE-m3 模型加载成功
2026-05-08 20:34:16,178 - __main__ - INFO - ✅ BGE-m3 向量化模型加载成功
2026-05-08 20:34:16,178 - utils - INFO - 加载 BGE-reranker 模型: D:\模型\bge-reranker-base
2026-05-08 20:34:16,295 - utils - INFO - 使用设备: cpu
2026-05-08 20:34:17,832 - utils - INFO - ✅ BGE-reranker 模型加载成功
2026-05-08 20:34:17,833 - __main__ - INFO - ✅ BGE-reranker 重排序模型加载成功
2026-05-08 20:34:17,833 - __main__ - INFO - 🔌 加载 Redis 客户端...
2026-05-08 20:34:17,833 - utils - INFO - 连接 Redis: localhost:6379
2026-05-08 20:34:20,018 - utils - INFO - ✅ Redis 连接成功
2026-05-08 20:34:20,018 - __main__ - INFO - ✅ Redis 客户端加载成功
2026-05-08 20:34:20,019 - __main__ - INFO - 🎉 服务初始化完成
2026-05-08 20:34:20,019 - __main__ - INFO - 🏗️ 创建 FastAPI 应用...
2026-05-08 20:34:20,020 - __main__ - INFO - 📡 注册 API 路由...
2026-05-08 20:34:20,048 - __main__ - INFO - ✅ FastAPI 应用创建完成
2026-05-08 20:34:20,048 - __main__ - INFO - 🚀 服务启动准备完成，端口: 8000
2026-05-08 20:35:21,885 - database - INFO - 用户登录成功: 13, 用户ID: 5
2026-05-08 20:35:29,879 - api - INFO - 收到流式聊天请求: user_id=5, role_id=1, has_file=False
2026-05-08 20:35:29,882 - api - INFO - 原问题: 帮我分析一下当前市场趋势... -> 改写后: 帮我分析一下当前市场趋势...
2026-05-08 20:35:33,881 - database - INFO - 开始重建 BM25 模型: financial_knowledge_role_1
2026-05-08 20:35:35,457 - database - INFO - BM25 模型重建完成: financial_knowledge_role_1，包含 10 条文档
2026-05-08 20:35:40,694 - httpx - INFO - HTTP Request: POST https://api.deepseek.com/v1/chat/completions "HTTP/1.1 200 OK"
2026-05-08 20:35:40,701 - api - INFO - 开始流式输出...
2026-05-08 20:35:45,731 - api - INFO - 流式输出完成，总长度: 569
2026-05-08 20:35:49,480 - database - INFO - 已存储长期记忆: user=5, role=1
2026-05-08 20:36:25,658 - api - INFO - 收到流式聊天请求: user_id=5, role_id=6, has_file=False
2026-05-08 20:36:25,659 - api - INFO - 原问题: 你好... -> 改写后: 你好...
2026-05-08 20:36:26,166 - database - INFO - 开始重建 BM25 模型: financial_knowledge_role_6
2026-05-08 20:36:26,217 - database - INFO - BM25 模型重建完成: financial_knowledge_role_6，包含 10 条文档
2026-05-08 20:36:27,644 - httpx - INFO - HTTP Request: POST https://api.deepseek.com/v1/chat/completions "HTTP/1.1 200 OK"
2026-05-08 20:36:27,644 - api - INFO - 开始流式输出...
2026-05-08 20:36:28,994 - api - INFO - 流式输出完成，总长度: 59
2026-05-08 20:36:30,955 - database - INFO - 已存储长期记忆: user=5, role=6
2026-05-08 20:36:38,895 - api - INFO - 收到流式聊天请求: user_id=5, role_id=6, has_file=True
2026-05-08 20:36:38,895 - api - INFO - 收到文件: 免责.png, 类型: image/png, 数据长度: 201370
2026-05-08 20:36:38,940 - api - INFO - 图片尺寸: (824, 1168), 模式: RGBA
2026-05-08 20:36:38,942 - api - WARNING - Tesseract未安装，尝试其他OCR方案
2026-05-08 20:36:39,481 - api - INFO - 尝试使用EasyOCR...
2026-05-08 20:36:39,484 - easyocr.easyocr - WARNING - Using CPU. Note: This module is much faster with a GPU.
2026-05-08 20:36:49,060 - api - INFO - EasyOCR识别完成，长度: 362字符
2026-05-08 20:36:49,061 - api - INFO - 文件内容提取完成，长度: 362字符
2026-05-08 20:36:49,062 - api - INFO - 原问题: [图片] 免责.png

请帮我分析这张图片的内容。... -> 改写后: [图片] 免责.png

请帮我分析这张图片的内容。...
2026-05-08 20:36:51,357 - httpx - INFO - HTTP Request: POST https://api.deepseek.com/v1/chat/completions "HTTP/1.1 200 OK"
2026-05-08 20:36:51,357 - api - INFO - 开始流式输出...
2026-05-08 20:36:54,776 - api - INFO - 流式输出完成，总长度: 291
2026-05-08 20:36:57,544 - database - INFO - 已存储长期记忆: user=5, role=6
2026-05-08 20:38:06,862 - api - INFO - 收到流式聊天请求: user_id=5, role_id=7, has_file=True
2026-05-08 20:38:06,862 - api - INFO - 收到文件: 文堂.png, 类型: image/png, 数据长度: 71098
2026-05-08 20:38:06,862 - api - INFO - 图片尺寸: (899, 437), 模式: RGB
2026-05-08 20:38:06,865 - api - WARNING - Tesseract未安装，尝试其他OCR方案
2026-05-08 20:38:06,865 - api - INFO - 尝试使用EasyOCR...
2026-05-08 20:38:06,866 - easyocr.easyocr - WARNING - Using CPU. Note: This module is much faster with a GPU.
2026-05-08 20:38:11,364 - api - INFO - EasyOCR识别完成，长度: 46字符
2026-05-08 20:38:11,365 - api - INFO - 文件内容提取完成，长度: 46字符
2026-05-08 20:38:11,366 - api - INFO - 原问题: [图片] 文堂.png

请帮我分析这张图片的内容。... -> 改写后: [图片] 文堂.png

请帮我分析这张图片的内容。...
2026-05-08 20:38:12,374 - database - INFO - 开始重建 BM25 模型: financial_knowledge_role_7
2026-05-08 20:38:12,430 - database - INFO - BM25 模型重建完成: financial_knowledge_role_7，包含 10 条文档
2026-05-08 20:38:13,944 - httpx - INFO - HTTP Request: POST https://api.deepseek.com/v1/chat/completions "HTTP/1.1 200 OK"
2026-05-08 20:38:13,946 - api - INFO - 开始流式输出...
2026-05-08 20:38:16,164 - api - INFO - 流式输出完成，总长度: 232
2026-05-08 20:38:18,572 - database - INFO - 已存储长期记忆: user=5, role=7
2026-05-08 20:38:33,238 - api - INFO - 收到流式聊天请求: user_id=5, role_id=7, has_file=False
2026-05-08 20:38:33,241 - api - INFO - 原问题: 需要... -> 改写后: 需要...
2026-05-08 20:38:35,138 - httpx - INFO - HTTP Request: POST https://api.deepseek.com/v1/chat/completions "HTTP/1.1 200 OK"
2026-05-08 20:38:35,138 - api - INFO - 开始流式输出...
2026-05-08 20:38:43,369 - api - INFO - 流式输出完成，总长度: 914
2026-05-08 20:38:48,125 - database - INFO - 已存储长期记忆: user=5, role=7
2026-05-08 20:39:11,736 - api - INFO - 收到流式聊天请求: user_id=5, role_id=8, has_file=True
2026-05-08 20:39:11,736 - api - INFO - 收到文件: 免责.jpg, 类型: image/jpeg, 数据长度: 299575
2026-05-08 20:39:11,738 - api - INFO - 图片尺寸: (1116, 1576), 模式: RGB
2026-05-08 20:39:11,740 - api - WARNING - Tesseract未安装，尝试其他OCR方案
2026-05-08 20:39:11,742 - api - INFO - 尝试使用EasyOCR...
2026-05-08 20:39:11,743 - easyocr.easyocr - WARNING - Using CPU. Note: This module is much faster with a GPU.
2026-05-08 20:39:24,999 - api - INFO - EasyOCR识别完成，长度: 391字符
2026-05-08 20:39:25,000 - api - INFO - 文件内容提取完成，长度: 391字符
2026-05-08 20:39:25,001 - api - INFO - 原问题: [图片] 免责.jpg

请帮我分析这张图片的内容。... -> 改写后: [图片] 免责.jpg

请帮我分析这张图片的内容。...
2026-05-08 20:39:25,812 - database - INFO - 开始重建 BM25 模型: financial_knowledge_role_8
2026-05-08 20:39:25,856 - database - INFO - BM25 模型重建完成: financial_knowledge_role_8，包含 10 条文档
2026-05-08 20:39:27,118 - httpx - INFO - HTTP Request: POST https://api.deepseek.com/v1/chat/completions "HTTP/1.1 200 OK"
2026-05-08 20:39:27,118 - api - INFO - 开始流式输出...
2026-05-08 20:39:34,836 - api - INFO - 流式输出完成，总长度: 916
2026-05-08 20:39:39,194 - database - INFO - 已存储长期记忆: user=5, role=8
2026-05-08 20:40:22,699 - api - INFO - 收到流式聊天请求: user_id=5, role_id=8, has_file=False
2026-05-08 20:40:22,699 - api - INFO - 原问题: 什么... -> 改写后: 什么...
2026-05-08 20:40:24,440 - httpx - INFO - HTTP Request: POST https://api.deepseek.com/v1/chat/completions "HTTP/1.1 200 OK"
2026-05-08 20:40:24,440 - api - INFO - 开始流式输出...
2026-05-08 20:40:32,682 - api - INFO - 流式输出完成，总长度: 899
2026-05-08 20:40:36,746 - database - INFO - 已存储长期记忆: user=5, role=8
2026-05-08 20:43:17,911 - __main__ - INFO - 🏗️ 创建 FastAPI 应用...
2026-05-08 20:43:17,911 - __main__ - INFO - 📡 注册 API 路由...
2026-05-08 20:43:17,921 - __main__ - INFO - ✅ FastAPI 应用创建完成
2026-05-08 20:43:23,264 - database - INFO - MySQL 数据库初始化完成
2026-05-08 20:43:23,264 - __main__ - INFO - ✅ MySQL 数据库初始化成功
2026-05-08 20:43:23,264 - __main__ - INFO - 📚 初始化 Milvus 向量数据库...
2026-05-08 20:43:23,785 - database - INFO - 📋 Milvus 配置信息: host=192.168.18.128, port=19530, ssl=False, timeout=30s
2026-05-08 20:43:23,785 - database - INFO - 🔄 连接 Milvus (第 1/3 次尝试, 标准连接): 192.168.18.128:19530
2026-05-08 20:43:23,818 - database - INFO - ✅ Milvus 连接成功，版本: 2.6.9
2026-05-08 20:43:23,821 - database - INFO - 📚 初始化 11 个角色知识库集合...
2026-05-08 20:43:23,985 - database - INFO - ✅ 角色知识库集合初始化完成
2026-05-08 20:43:23,997 - database - INFO - ✅ 长期记忆集合初始化完成
2026-05-08 20:43:24,014 - database - INFO - ✅ 股票数据集合初始化完成
2026-05-08 20:43:24,015 - __main__ - INFO - ✅ Milvus 向量数据库初始化成功
2026-05-08 20:43:24,015 - __main__ - INFO - 🔄 初始化角色知识库...
2026-05-08 20:43:24,223 - __main__ - INFO - ✅ 角色知识库初始化完成
2026-05-08 20:43:24,223 - __main__ - INFO - 🧠 加载向量化模型...
2026-05-08 20:43:24,224 - utils - INFO - 加载 BGE-m3 模型: D:\模型\bge_m3_model
2026-05-08 20:43:37,882 - sentence_transformers.SentenceTransformer - INFO - Use pytorch device_name: cpu
2026-05-08 20:43:37,882 - sentence_transformers.SentenceTransformer - INFO - Load pretrained SentenceTransformer: D:\模型\bge_m3_model
2026-05-08 20:43:37,884 - sentence_transformers.SentenceTransformer - WARNING - No sentence-transformers model found with name D:\模型\bge_m3_model. Creating a new one with mean pooling.
2026-05-08 20:43:38,752 - utils - INFO - ✅ BGE-m3 模型加载成功
2026-05-08 20:43:38,752 - __main__ - INFO - ✅ BGE-m3 向量化模型加载成功
2026-05-08 20:43:38,752 - utils - INFO - 加载 BGE-reranker 模型: D:\模型\bge-reranker-base
2026-05-08 20:43:38,887 - utils - INFO - 使用设备: cpu
2026-05-08 20:43:40,365 - utils - INFO - ✅ BGE-reranker 模型加载成功
2026-05-08 20:43:40,365 - __main__ - INFO - ✅ BGE-reranker 重排序模型加载成功
2026-05-08 20:43:40,365 - __main__ - INFO - 🔌 加载 Redis 客户端...
2026-05-08 20:43:40,365 - utils - INFO - 连接 Redis: localhost:6379
2026-05-08 20:43:42,492 - utils - INFO - ✅ Redis 连接成功
2026-05-08 20:43:42,492 - __main__ - INFO - ✅ Redis 客户端加载成功
2026-05-08 20:43:42,492 - __main__ - INFO - 🎉 服务初始化完成
2026-05-08 20:43:42,492 - __main__ - INFO - 🏗️ 创建 FastAPI 应用...
2026-05-08 20:43:42,494 - __main__ - INFO - 📡 注册 API 路由...
2026-05-08 20:43:42,527 - __main__ - INFO - ✅ FastAPI 应用创建完成
2026-05-08 20:43:42,527 - __main__ - INFO - 🚀 服务启动准备完成，端口: 8000
2026-05-08 20:44:24,888 - database - INFO - 用户登录成功: 13, 用户ID: 5
2026-05-08 20:44:55,148 - api - INFO - 收到流式聊天请求: user_id=5, role_id=8, has_file=True
2026-05-08 20:44:55,149 - api - INFO - 收到文件: 免责.jpg, 类型: image/jpeg, 数据长度: 299575
2026-05-08 20:44:55,166 - api - INFO - 图片尺寸: (1116, 1576), 模式: RGB
2026-05-08 20:44:55,168 - api - WARNING - Tesseract未安装，尝试其他OCR方案
2026-05-08 20:44:55,398 - api - INFO - 尝试使用EasyOCR...
2026-05-08 20:44:55,398 - easyocr.easyocr - WARNING - Using CPU. Note: This module is much faster with a GPU.
2026-05-08 20:45:08,159 - api - INFO - EasyOCR识别完成，长度: 391字符
2026-05-08 20:45:08,161 - api - INFO - 文件内容提取完成，长度: 391字符
2026-05-08 20:45:08,162 - api - INFO - 原问题: [图片] 免责.jpg

请帮我分析这张图片的内容。这个具有法律效应吗... -> 改写后: [图片] 免责.jpg

请帮我分析这张图片的内容。这个具有法律效应吗...
2026-05-08 20:45:10,695 - database - INFO - 开始重建 BM25 模型: financial_knowledge_role_8
2026-05-08 20:45:11,461 - database - INFO - BM25 模型重建完成: financial_knowledge_role_8，包含 10 条文档
2026-05-08 20:45:15,578 - httpx - INFO - HTTP Request: POST https://api.deepseek.com/v1/chat/completions "HTTP/1.1 200 OK"
2026-05-08 20:45:15,584 - api - INFO - 开始流式输出...
2026-05-08 20:45:23,540 - api - INFO - 流式输出完成，总长度: 954
2026-05-08 20:45:28,509 - database - INFO - 已存储长期记忆: user=5, role=8
2026-05-08 20:47:20,058 - api - INFO - 收到流式聊天请求: user_id=5, role_id=6, has_file=True
2026-05-08 20:47:20,058 - api - INFO - 收到文件: baby清纯.jpg, 类型: image/jpeg, 数据长度: 446111
2026-05-08 20:47:20,061 - api - INFO - 图片尺寸: (1080, 1182), 模式: RGB
2026-05-08 20:47:20,063 - api - WARNING - Tesseract未安装，尝试其他OCR方案
2026-05-08 20:47:20,063 - api - INFO - 尝试使用EasyOCR...
2026-05-08 20:47:20,065 - easyocr.easyocr - WARNING - Using CPU. Note: This module is much faster with a GPU.
2026-05-08 20:47:27,753 - api - INFO - 文件内容提取完成，长度: 49字符
2026-05-08 20:47:27,754 - api - INFO - 原问题: [图片] baby清纯.jpg

请帮我分析这张图片的内容。你认识这是谁吗... -> 改写后: [图片] baby清纯.jpg

请帮我分析这张图片的内容。你认识这是谁吗...
2026-05-08 20:47:28,667 - database - INFO - 开始重建 BM25 模型: financial_knowledge_role_6
2026-05-08 20:47:28,716 - database - INFO - BM25 模型重建完成: financial_knowledge_role_6，包含 10 条文档
2026-05-08 20:47:30,129 - httpx - INFO - HTTP Request: POST https://api.deepseek.com/v1/chat/completions "HTTP/1.1 200 OK"
2026-05-08 20:47:30,129 - api - INFO - 开始流式输出...
2026-05-08 20:47:31,927 - api - INFO - 流式输出完成，总长度: 150
2026-05-08 20:47:34,121 - database - INFO - 已存储长期记忆: user=5, role=6
2026-05-09 07:46:05,608 - database - INFO - MySQL 数据库初始化完成
2026-05-09 07:46:05,609 - __main__ - INFO - ✅ MySQL 数据库初始化成功
2026-05-09 07:46:05,609 - __main__ - INFO - 📚 初始化 Milvus 向量数据库...
2026-05-09 07:46:06,155 - database - INFO - 📋 Milvus 配置信息: host=192.168.18.128, port=19530, ssl=False, timeout=30s
2026-05-09 07:46:06,155 - database - INFO - 🔄 连接 Milvus (第 1/3 次尝试, 标准连接): 192.168.18.128:19530
2026-05-09 07:46:36,266 - database - INFO - 🔄 连接 Milvus (第 1/3 次尝试, 无别名连接): 192.168.18.128:19530
2026-05-09 07:47:06,421 - database - WARNING - ❌ Milvus 连接失败 (尝试 1/3)
2026-05-09 07:47:06,422 - database - ERROR - 🔍 连接被拒绝！请检查：
2026-05-09 07:47:06,422 - database - ERROR -    1. Milvus 服务是否正在运行
2026-05-09 07:47:06,422 - database - ERROR -    2. Milvus 主机地址是否正确
2026-05-09 07:47:06,422 - database - ERROR -    3. Milvus 端口是否正确 (默认19530)
2026-05-09 07:47:06,422 - database - ERROR -    4. 防火墙是否允许访问
2026-05-09 07:47:06,422 - database - INFO - ⏳ 等待 2 秒后重试...
2026-05-09 07:47:08,424 - database - INFO - 🔄 连接 Milvus (第 2/3 次尝试, 标准连接): 192.168.18.128:19530
2026-05-09 07:47:38,441 - database - INFO - 🔄 连接 Milvus (第 2/3 次尝试, 无别名连接): 192.168.18.128:19530
2026-05-09 07:48:34,192 - database - INFO - MySQL 数据库初始化完成
2026-05-09 07:48:34,192 - __main__ - INFO - ✅ MySQL 数据库初始化成功
2026-05-09 07:48:34,192 - __main__ - INFO - 📚 初始化 Milvus 向量数据库...
2026-05-09 07:48:34,481 - database - INFO - 📋 Milvus 配置信息: host=192.168.18.128, port=19530, ssl=False, timeout=30s
2026-05-09 07:48:34,481 - database - INFO - 🔄 连接 Milvus (第 1/3 次尝试, 标准连接): 192.168.18.128:19530
2026-05-09 07:48:53,519 - database - INFO - MySQL 数据库初始化完成
2026-05-09 07:48:53,519 - __main__ - INFO - ✅ MySQL 数据库初始化成功
2026-05-09 07:48:53,519 - __main__ - INFO - 📚 初始化 Milvus 向量数据库...
2026-05-09 07:48:53,834 - database - INFO - 📋 Milvus 配置信息: host=192.168.18.128, port=19530, ssl=False, timeout=30s
2026-05-09 07:48:53,835 - database - INFO - 🔄 连接 Milvus (第 1/3 次尝试, 标准连接): 192.168.18.128:19530
2026-05-09 07:49:18,594 - database - INFO - ✅ Milvus 连接成功，版本: 2.6.9
2026-05-09 07:49:18,596 - database - INFO - 📚 初始化 11 个角色知识库集合...
2026-05-09 07:49:18,719 - database - INFO - ✅ 角色知识库集合初始化完成
2026-05-09 07:49:18,728 - database - INFO - ✅ 长期记忆集合初始化完成
2026-05-09 07:49:18,737 - database - INFO - ✅ 股票数据集合初始化完成
2026-05-09 07:49:18,737 - __main__ - INFO - ✅ Milvus 向量数据库初始化成功
2026-05-09 07:49:18,739 - __main__ - INFO - 🔄 初始化角色知识库...
2026-05-09 07:49:18,874 - __main__ - INFO - ✅ 角色知识库初始化完成
2026-05-09 07:49:18,875 - __main__ - INFO - 🧠 加载向量化模型...
2026-05-09 07:49:18,875 - utils - INFO - 加载 BGE-m3 模型: D:\模型\bge_m3_model
2026-05-09 07:49:56,577 - sentence_transformers.SentenceTransformer - INFO - Use pytorch device_name: cpu
2026-05-09 07:49:56,577 - sentence_transformers.SentenceTransformer - INFO - Load pretrained SentenceTransformer: D:\模型\bge_m3_model
2026-05-09 07:49:56,578 - sentence_transformers.SentenceTransformer - WARNING - No sentence-transformers model found with name D:\模型\bge_m3_model. Creating a new one with mean pooling.
2026-05-09 07:49:57,597 - utils - INFO - ✅ BGE-m3 模型加载成功
2026-05-09 07:49:57,598 - __main__ - INFO - ✅ BGE-m3 向量化模型加载成功
2026-05-09 07:49:57,598 - utils - INFO - 加载 BGE-reranker 模型: D:\模型\bge-reranker-base
2026-05-09 07:49:57,721 - utils - INFO - 使用设备: cpu
2026-05-09 07:49:59,816 - utils - INFO - ✅ BGE-reranker 模型加载成功
2026-05-09 07:49:59,816 - __main__ - INFO - ✅ BGE-reranker 重排序模型加载成功
2026-05-09 07:49:59,816 - __main__ - INFO - 🔌 加载 Redis 客户端...
2026-05-09 07:49:59,816 - utils - INFO - 连接 Redis: localhost:6379
2026-05-09 07:50:01,945 - utils - INFO - ✅ Redis 连接成功
2026-05-09 07:50:01,945 - __main__ - INFO - ✅ Redis 客户端加载成功
2026-05-09 07:50:01,945 - __main__ - INFO - 🎉 服务初始化完成
2026-05-09 07:50:01,945 - __main__ - INFO - 🏗️ 创建 FastAPI 应用...
2026-05-09 07:50:01,946 - __main__ - INFO - 📡 注册 API 路由...
2026-05-09 07:50:01,969 - __main__ - INFO - ✅ FastAPI 应用创建完成
2026-05-09 07:50:01,969 - __main__ - INFO - 🚀 服务启动准备完成，端口: 8000
2026-05-09 08:01:43,035 - database - INFO - 用户登录成功: 13, 用户ID: 5
2026-05-09 08:03:33,126 - api - INFO - 收到流式聊天请求: user_id=5, role_id=3, has_file=False
2026-05-09 08:03:33,129 - api - INFO - 原问题: 帮我分析一下当前市场趋势... -> 改写后: 帮我分析一下当前市场趋势...
2026-05-09 08:03:36,993 - database - INFO - 开始重建 BM25 模型: financial_knowledge_role_3
2026-05-09 08:03:38,632 - database - INFO - BM25 模型重建完成: financial_knowledge_role_3，包含 10 条文档
2026-05-09 08:03:44,002 - httpx - INFO - HTTP Request: POST https://api.deepseek.com/v1/chat/completions "HTTP/1.1 200 OK"
2026-05-09 08:03:44,009 - api - INFO - 开始流式输出...
2026-05-09 08:03:48,819 - api - INFO - 流式输出完成，总长度: 620
2026-05-09 08:03:52,647 - database - INFO - 已存储长期记忆: user=5, role=3
2026-05-09 08:18:29,776 - __main__ - INFO - 🏗️ 创建 FastAPI 应用...
2026-05-09 08:18:29,794 - __main__ - INFO - 📡 注册 API 路由...
2026-05-09 08:18:29,948 - __main__ - INFO - ✅ FastAPI 应用创建完成
2026-05-09 08:18:43,392 - database - INFO - MySQL 数据库初始化完成
2026-05-09 08:18:43,393 - __main__ - INFO - ✅ MySQL 数据库初始化成功
2026-05-09 08:18:43,393 - __main__ - INFO - 📚 初始化 Milvus 向量数据库...
2026-05-09 08:18:44,019 - database - INFO - 📋 Milvus 配置信息: host=192.168.18.128, port=19530, ssl=False, timeout=30s
2026-05-09 08:18:44,020 - database - INFO - 🔄 连接 Milvus (第 1/3 次尝试, 标准连接): 192.168.18.128:19530
2026-05-09 08:18:44,101 - database - INFO - ✅ Milvus 连接成功，版本: 2.6.9
2026-05-09 08:18:44,106 - database - INFO - 📚 初始化 11 个角色知识库集合...
2026-05-09 08:18:44,332 - database - INFO - ✅ 角色知识库集合初始化完成
2026-05-09 08:18:44,353 - database - INFO - ✅ 长期记忆集合初始化完成
2026-05-09 08:18:44,371 - database - INFO - ✅ 股票数据集合初始化完成
2026-05-09 08:18:44,371 - __main__ - INFO - ✅ Milvus 向量数据库初始化成功
2026-05-09 08:18:44,371 - __main__ - INFO - 🔄 初始化角色知识库...
2026-05-09 08:18:44,660 - __main__ - INFO - ✅ 角色知识库初始化完成
2026-05-09 08:18:44,661 - __main__ - INFO - 🧠 加载向量化模型...
2026-05-09 08:18:44,661 - utils - INFO - 加载 BGE-m3 模型: D:\模型\bge_m3_model
2026-05-09 08:19:02,268 - sentence_transformers.SentenceTransformer - INFO - Use pytorch device_name: cpu
2026-05-09 08:19:02,269 - sentence_transformers.SentenceTransformer - INFO - Load pretrained SentenceTransformer: D:\模型\bge_m3_model
2026-05-09 08:19:02,269 - sentence_transformers.SentenceTransformer - WARNING - No sentence-transformers model found with name D:\模型\bge_m3_model. Creating a new one with mean pooling.
2026-05-09 08:19:04,153 - utils - INFO - ✅ BGE-m3 模型加载成功
2026-05-09 08:19:04,154 - __main__ - INFO - ✅ BGE-m3 向量化模型加载成功
2026-05-09 08:19:04,154 - utils - INFO - 加载 BGE-reranker 模型: D:\模型\bge-reranker-base
2026-05-09 08:19:04,345 - utils - INFO - 使用设备: cpu
2026-05-09 08:19:06,694 - utils - INFO - ✅ BGE-reranker 模型加载成功
2026-05-09 08:19:06,695 - __main__ - INFO - ✅ BGE-reranker 重排序模型加载成功
2026-05-09 08:19:06,695 - __main__ - INFO - 🔌 加载 Redis 客户端...
2026-05-09 08:19:06,695 - utils - INFO - 连接 Redis: localhost:6379
2026-05-09 08:19:08,846 - utils - INFO - ✅ Redis 连接成功
2026-05-09 08:19:08,846 - __main__ - INFO - ✅ Redis 客户端加载成功
2026-05-09 08:19:08,846 - __main__ - INFO - 🎉 服务初始化完成
2026-05-09 08:19:08,846 - __main__ - INFO - 🏗️ 创建 FastAPI 应用...
2026-05-09 08:19:08,846 - __main__ - INFO - 📡 注册 API 路由...
2026-05-09 08:19:08,879 - __main__ - INFO - ✅ FastAPI 应用创建完成
2026-05-09 08:19:08,879 - __main__ - INFO - 🚀 服务启动准备完成，端口: 8000
2026-05-10 19:34:20,545 - database - INFO - MySQL 数据库初始化完成
2026-05-10 19:34:20,547 - __main__ - INFO - ✅ MySQL 数据库初始化成功
2026-05-10 19:34:20,547 - __main__ - INFO - 📚 初始化 Milvus 向量数据库...
2026-05-10 19:34:21,095 - database - INFO - 📋 Milvus 配置信息: host=192.168.18.128, port=19530, ssl=False, timeout=30s
2026-05-10 19:34:21,095 - database - INFO - 🔄 连接 Milvus (第 1/3 次尝试, 标准连接): 192.168.18.128:19530
2026-05-10 19:34:36,833 - database - INFO - ✅ Milvus 连接成功，版本: 2.6.9
2026-05-10 19:34:36,836 - database - INFO - 📚 初始化 11 个角色知识库集合...
2026-05-10 19:34:36,976 - database - INFO - ✅ 角色知识库集合初始化完成
2026-05-10 19:34:36,987 - database - INFO - ✅ 长期记忆集合初始化完成
2026-05-10 19:34:36,996 - database - INFO - ✅ 股票数据集合初始化完成
2026-05-10 19:34:36,997 - __main__ - INFO - ✅ Milvus 向量数据库初始化成功
2026-05-10 19:34:36,997 - __main__ - INFO - 🔄 初始化角色知识库...
2026-05-10 19:34:37,132 - __main__ - INFO - ✅ 角色知识库初始化完成
2026-05-10 19:34:37,132 - __main__ - INFO - 🧠 加载向量化模型...
2026-05-10 19:34:37,132 - utils - INFO - 加载 BGE-m3 模型: D:\模型\bge_m3_model
2026-05-10 19:35:15,918 - sentence_transformers.SentenceTransformer - INFO - Use pytorch device_name: cpu
2026-05-10 19:35:15,919 - sentence_transformers.SentenceTransformer - INFO - Load pretrained SentenceTransformer: D:\模型\bge_m3_model
2026-05-10 19:35:15,920 - sentence_transformers.SentenceTransformer - WARNING - No sentence-transformers model found with name D:\模型\bge_m3_model. Creating a new one with mean pooling.
2026-05-10 19:35:16,920 - utils - INFO - ✅ BGE-m3 模型加载成功
2026-05-10 19:35:16,921 - __main__ - INFO - ✅ BGE-m3 向量化模型加载成功
2026-05-10 19:35:16,921 - utils - INFO - 加载 BGE-reranker 模型: D:\模型\bge-reranker-base
2026-05-10 19:35:17,061 - utils - INFO - 使用设备: cpu
2026-05-10 19:35:18,577 - utils - INFO - ✅ BGE-reranker 模型加载成功
2026-05-10 19:35:18,577 - __main__ - INFO - ✅ BGE-reranker 重排序模型加载成功
2026-05-10 19:35:18,577 - __main__ - INFO - 🔌 加载 Redis 客户端...
2026-05-10 19:35:18,577 - utils - INFO - 连接 Redis: localhost:6379
2026-05-10 19:35:20,734 - utils - INFO - ✅ Redis 连接成功
2026-05-10 19:35:20,734 - __main__ - INFO - ✅ Redis 客户端加载成功
2026-05-10 19:35:20,734 - __main__ - INFO - 🎉 服务初始化完成
2026-05-10 19:35:20,734 - __main__ - INFO - 🏗️ 创建 FastAPI 应用...
2026-05-10 19:35:20,734 - __main__ - INFO - 📡 注册 API 路由...
2026-05-10 19:35:20,746 - __main__ - ERROR - ❌ 服务启动失败: attempted relative import with no known parent package
Traceback (most recent call last):
  File "D:\桌面\ai对话系统\project_root\last_duan\api.py", line 59, in <module>
    from database import (
ImportError: cannot import name 'retrieve_long_term_memory' from 'database' (D:\桌面\ai对话系统\project_root\last_duan\database.py)

During handling of the above exception, another exception occurred:

Traceback (most recent call last):
  File "D:\桌面\ai对话系统\project_root\last_duan\main.py", line 181, in main
    app = create_app()
  File "D:\桌面\ai对话系统\project_root\last_duan\main.py", line 162, in create_app
    import api
  File "D:\桌面\ai对话系统\project_root\last_duan\api.py", line 71, in <module>
    from .database import (
ImportError: attempted relative import with no known parent package
2026-05-10 19:37:15,869 - database - INFO - MySQL 数据库初始化完成
2026-05-10 19:37:15,869 - __main__ - INFO - ✅ MySQL 数据库初始化成功
2026-05-10 19:37:15,869 - __main__ - INFO - 📚 初始化 Milvus 向量数据库...
2026-05-10 19:37:16,201 - database - INFO - 📋 Milvus 配置信息: host=192.168.18.128, port=19530, ssl=False, timeout=30s
2026-05-10 19:37:16,202 - database - INFO - 🔄 连接 Milvus (第 1/3 次尝试, 标准连接): 192.168.18.128:19530
2026-05-10 19:37:16,222 - database - INFO - ✅ Milvus 连接成功，版本: 2.6.9
2026-05-10 19:37:16,225 - database - INFO - 📚 初始化 11 个角色知识库集合...
2026-05-10 19:37:16,354 - database - INFO - ✅ 角色知识库集合初始化完成
2026-05-10 19:37:16,364 - database - INFO - ✅ 长期记忆集合初始化完成
2026-05-10 19:37:16,376 - database - INFO - ✅ 股票数据集合初始化完成
2026-05-10 19:37:16,376 - __main__ - INFO - ✅ Milvus 向量数据库初始化成功
2026-05-10 19:37:16,376 - __main__ - INFO - 🔄 初始化角色知识库...
2026-05-10 19:37:16,576 - __main__ - INFO - ✅ 角色知识库初始化完成
2026-05-10 19:37:16,576 - __main__ - INFO - 🧠 加载向量化模型...
2026-05-10 19:37:16,576 - utils - INFO - 加载 BGE-m3 模型: D:\模型\bge_m3_model
2026-05-10 19:37:27,700 - sentence_transformers.SentenceTransformer - INFO - Use pytorch device_name: cpu
2026-05-10 19:37:27,700 - sentence_transformers.SentenceTransformer - INFO - Load pretrained SentenceTransformer: D:\模型\bge_m3_model
2026-05-10 19:37:27,700 - sentence_transformers.SentenceTransformer - WARNING - No sentence-transformers model found with name D:\模型\bge_m3_model. Creating a new one with mean pooling.
2026-05-10 19:37:28,508 - utils - INFO - ✅ BGE-m3 模型加载成功
2026-05-10 19:37:28,508 - __main__ - INFO - ✅ BGE-m3 向量化模型加载成功
2026-05-10 19:37:28,508 - utils - INFO - 加载 BGE-reranker 模型: D:\模型\bge-reranker-base
2026-05-10 19:37:28,589 - utils - INFO - 使用设备: cpu
2026-05-10 19:37:29,923 - utils - INFO - ✅ BGE-reranker 模型加载成功
2026-05-10 19:37:29,923 - __main__ - INFO - ✅ BGE-reranker 重排序模型加载成功
2026-05-10 19:37:29,923 - __main__ - INFO - 🔌 加载 Redis 客户端...
2026-05-10 19:37:29,923 - utils - INFO - 连接 Redis: localhost:6379
2026-05-10 19:37:32,044 - utils - INFO - ✅ Redis 连接成功
2026-05-10 19:37:32,044 - __main__ - INFO - ✅ Redis 客户端加载成功
2026-05-10 19:37:32,045 - __main__ - INFO - 🎉 服务初始化完成
2026-05-10 19:37:32,045 - __main__ - INFO - 🏗️ 创建 FastAPI 应用...
2026-05-10 19:37:32,045 - __main__ - INFO - 📡 注册 API 路由...
2026-05-10 19:37:32,066 - __main__ - INFO - ✅ FastAPI 应用创建完成
2026-05-10 19:37:32,066 - __main__ - INFO - 🚀 服务启动准备完成，端口: 8000
2026-05-10 19:37:54,961 - __main__ - INFO - 🏗️ 创建 FastAPI 应用...
2026-05-10 19:37:54,962 - __main__ - INFO - 📡 注册 API 路由...
2026-05-10 19:37:54,973 - __main__ - INFO - ✅ FastAPI 应用创建完成
2026-05-10 19:37:59,748 - database - INFO - MySQL 数据库初始化完成
2026-05-10 19:37:59,748 - __main__ - INFO - ✅ MySQL 数据库初始化成功
2026-05-10 19:37:59,748 - __main__ - INFO - 📚 初始化 Milvus 向量数据库...
2026-05-10 19:38:00,029 - database - INFO - 📋 Milvus 配置信息: host=192.168.18.128, port=19530, ssl=False, timeout=30s
2026-05-10 19:38:00,030 - database - INFO - 🔄 连接 Milvus (第 1/3 次尝试, 标准连接): 192.168.18.128:19530
2026-05-10 19:38:00,048 - database - INFO - ✅ Milvus 连接成功，版本: 2.6.9
2026-05-10 19:38:00,050 - database - INFO - 📚 初始化 11 个角色知识库集合...
2026-05-10 19:38:00,169 - database - INFO - ✅ 角色知识库集合初始化完成
2026-05-10 19:38:00,180 - database - INFO - ✅ 长期记忆集合初始化完成
2026-05-10 19:38:00,190 - database - INFO - ✅ 股票数据集合初始化完成
2026-05-10 19:38:00,190 - __main__ - INFO - ✅ Milvus 向量数据库初始化成功
2026-05-10 19:38:00,190 - __main__ - INFO - 🔄 初始化角色知识库...
2026-05-10 19:38:00,368 - __main__ - INFO - ✅ 角色知识库初始化完成
2026-05-10 19:38:00,368 - __main__ - INFO - 🧠 加载向量化模型...
2026-05-10 19:38:00,368 - utils - INFO - 加载 BGE-m3 模型: D:\模型\bge_m3_model
2026-05-10 19:38:10,018 - sentence_transformers.SentenceTransformer - INFO - Use pytorch device_name: cpu
2026-05-10 19:38:10,019 - sentence_transformers.SentenceTransformer - INFO - Load pretrained SentenceTransformer: D:\模型\bge_m3_model
2026-05-10 19:38:10,019 - sentence_transformers.SentenceTransformer - WARNING - No sentence-transformers model found with name D:\模型\bge_m3_model. Creating a new one with mean pooling.
2026-05-10 19:38:10,784 - utils - INFO - ✅ BGE-m3 模型加载成功
2026-05-10 19:38:10,784 - __main__ - INFO - ✅ BGE-m3 向量化模型加载成功
2026-05-10 19:38:10,784 - utils - INFO - 加载 BGE-reranker 模型: D:\模型\bge-reranker-base
2026-05-10 19:38:10,861 - utils - INFO - 使用设备: cpu
2026-05-10 19:38:12,093 - utils - INFO - ✅ BGE-reranker 模型加载成功
2026-05-10 19:38:12,093 - __main__ - INFO - ✅ BGE-reranker 重排序模型加载成功
2026-05-10 19:38:12,093 - __main__ - INFO - 🔌 加载 Redis 客户端...
2026-05-10 19:38:12,093 - utils - INFO - 连接 Redis: localhost:6379
2026-05-10 19:38:14,198 - utils - INFO - ✅ Redis 连接成功
2026-05-10 19:38:14,199 - __main__ - INFO - ✅ Redis 客户端加载成功
2026-05-10 19:38:14,199 - __main__ - INFO - 🎉 服务初始化完成
2026-05-10 19:38:14,199 - __main__ - INFO - 🏗️ 创建 FastAPI 应用...
2026-05-10 19:38:14,199 - __main__ - INFO - 📡 注册 API 路由...
2026-05-10 19:38:14,219 - __main__ - INFO - ✅ FastAPI 应用创建完成
2026-05-10 19:38:14,220 - __main__ - INFO - 🚀 服务启动准备完成，端口: 8000
2026-05-10 19:39:01,247 - database - INFO - 用户登录成功: 13, 用户ID: 5
2026-05-10 19:39:11,632 - api - INFO - 收到流式聊天请求: user_id=5, role_id=1, has_file=False
2026-05-10 19:39:11,636 - api - INFO - 原问题: 你好... -> 改写后: 你好...
2026-05-10 19:39:15,121 - database - INFO - 开始重建 BM25 模型: financial_knowledge_role_1
2026-05-10 19:39:17,084 - database - INFO - BM25 模型重建完成: financial_knowledge_role_1，包含 10 条文档
2026-05-10 19:39:21,476 - httpx - INFO - HTTP Request: POST https://api.deepseek.com/v1/chat/completions "HTTP/1.1 200 OK"
2026-05-10 19:39:21,483 - api - INFO - 开始流式输出...
2026-05-10 19:39:22,525 - api - INFO - 流式输出完成，总长度: 69
2026-05-10 19:39:24,437 - database - INFO - 已存储长期记忆: user=5, role=1
2026-05-10 19:39:32,767 - api - INFO - 收到流式聊天请求: user_id=5, role_id=1, has_file=False
2026-05-10 19:39:32,768 - api - INFO - 原问题: 帮我分析一下当前市场趋势... -> 改写后: 帮我分析一下当前市场趋势...
2026-05-10 19:39:34,564 - httpx - INFO - HTTP Request: POST https://api.deepseek.com/v1/chat/completions "HTTP/1.1 200 OK"
2026-05-10 19:39:34,565 - api - INFO - 开始流式输出...
2026-05-10 19:39:40,107 - api - INFO - 流式输出完成，总长度: 569
2026-05-10 19:39:44,489 - database - INFO - 已存储长期记忆: user=5, role=1
2026-05-10 19:40:56,835 - api - INFO - 收到流式聊天请求: user_id=5, role_id=3, has_file=False
2026-05-10 19:40:56,849 - api - INFO - 原问题: 月入两万可以怎么规划... -> 改写后: 月入两万可以怎么规划...
2026-05-10 19:40:58,531 - database - INFO - 开始重建 BM25 模型: financial_knowledge_role_3
2026-05-10 19:40:58,646 - database - INFO - BM25 模型重建完成: financial_knowledge_role_3，包含 10 条文档
2026-05-10 19:41:16,242 - httpx - INFO - HTTP Request: POST https://api.deepseek.com/v1/chat/completions "HTTP/1.1 200 OK"
2026-05-10 19:41:16,252 - api - INFO - 开始流式输出...
2026-05-10 19:41:24,998 - api - INFO - 流式输出完成，总长度: 915
2026-05-10 19:41:33,044 - database - INFO - 已存储长期记忆: user=5, role=3
2026-05-10 19:46:55,922 - __main__ - INFO - 🏗️ 创建 FastAPI 应用...
2026-05-10 19:46:55,933 - __main__ - INFO - 📡 注册 API 路由...
2026-05-10 19:46:56,100 - __main__ - INFO - ✅ FastAPI 应用创建完成
2026-05-10 19:47:04,625 - database - INFO - MySQL 数据库初始化完成
2026-05-10 19:47:04,626 - __main__ - INFO - ✅ MySQL 数据库初始化成功
2026-05-10 19:47:04,626 - __main__ - INFO - 📚 初始化 Milvus 向量数据库...
2026-05-10 19:47:05,002 - database - INFO - 📋 Milvus 配置信息: host=192.168.18.128, port=19530, ssl=False, timeout=30s
2026-05-10 19:47:05,002 - database - INFO - 🔄 连接 Milvus (第 1/3 次尝试, 标准连接): 192.168.18.128:19530
2026-05-10 19:47:05,063 - database - INFO - ✅ Milvus 连接成功，版本: 2.6.9
2026-05-10 19:47:05,065 - database - INFO - 📚 初始化 11 个角色知识库集合...
2026-05-10 19:47:05,204 - database - INFO - ✅ 角色知识库集合初始化完成
2026-05-10 19:47:05,216 - database - INFO - ✅ 长期记忆集合初始化完成
2026-05-10 19:47:05,230 - database - INFO - ✅ 股票数据集合初始化完成
2026-05-10 19:47:05,230 - __main__ - INFO - ✅ Milvus 向量数据库初始化成功
2026-05-10 19:47:05,230 - __main__ - INFO - 🔄 初始化角色知识库...
2026-05-10 19:47:05,442 - __main__ - INFO - ✅ 角色知识库初始化完成
2026-05-10 19:47:05,443 - __main__ - INFO - 🧠 加载向量化模型...
2026-05-10 19:47:05,443 - utils - INFO - 加载 BGE-m3 模型: D:\模型\bge_m3_model
2026-05-10 19:47:18,597 - sentence_transformers.SentenceTransformer - INFO - Use pytorch device_name: cpu
2026-05-10 19:47:18,597 - sentence_transformers.SentenceTransformer - INFO - Load pretrained SentenceTransformer: D:\模型\bge_m3_model
2026-05-10 19:47:18,599 - sentence_transformers.SentenceTransformer - WARNING - No sentence-transformers model found with name D:\模型\bge_m3_model. Creating a new one with mean pooling.
2026-05-10 19:47:19,597 - utils - INFO - ✅ BGE-m3 模型加载成功
2026-05-10 19:47:19,597 - __main__ - INFO - ✅ BGE-m3 向量化模型加载成功
2026-05-10 19:47:19,597 - utils - INFO - 加载 BGE-reranker 模型: D:\模型\bge-reranker-base
2026-05-10 19:47:19,695 - utils - INFO - 使用设备: cpu
2026-05-10 19:47:21,146 - utils - INFO - ✅ BGE-reranker 模型加载成功
2026-05-10 19:47:21,146 - __main__ - INFO - ✅ BGE-reranker 重排序模型加载成功
2026-05-10 19:47:21,146 - __main__ - INFO - 🔌 加载 Redis 客户端...
2026-05-10 19:47:21,146 - utils - INFO - 连接 Redis: localhost:6379
2026-05-10 19:47:23,265 - utils - INFO - ✅ Redis 连接成功
2026-05-10 19:47:23,265 - __main__ - INFO - ✅ Redis 客户端加载成功
2026-05-10 19:47:23,266 - __main__ - INFO - 🎉 服务初始化完成
2026-05-10 19:47:23,266 - __main__ - INFO - 🏗️ 创建 FastAPI 应用...
2026-05-10 19:47:23,267 - __main__ - INFO - 📡 注册 API 路由...
2026-05-10 19:47:23,287 - __main__ - ERROR - ❌ 服务启动失败: attempted relative import with no known parent package
Traceback (most recent call last):
  File "D:\桌面\ai对话系统\project_root\last_duan\api.py", line 59, in <module>
    from database import (
ImportError: cannot import name 'retrieve_long_term_memory' from 'database' (D:\桌面\ai对话系统\project_root\last_duan\database.py)

During handling of the above exception, another exception occurred:

Traceback (most recent call last):
  File "D:\桌面\ai对话系统\project_root\last_duan\main.py", line 181, in main
    app = create_app()
  File "D:\桌面\ai对话系统\project_root\last_duan\main.py", line 162, in create_app
    import api
  File "D:\桌面\ai对话系统\project_root\last_duan\api.py", line 71, in <module>
    from .database import (
ImportError: attempted relative import with no known parent package
2026-05-10 19:48:27,707 - database - INFO - MySQL 数据库初始化完成
2026-05-10 19:48:27,707 - __main__ - INFO - ✅ MySQL 数据库初始化成功
2026-05-10 19:48:27,707 - __main__ - INFO - 📚 初始化 Milvus 向量数据库...
2026-05-10 19:48:27,991 - database - INFO - 📋 Milvus 配置信息: host=192.168.18.128, port=19530, ssl=False, timeout=30s
2026-05-10 19:48:27,992 - database - INFO - 🔄 连接 Milvus (第 1/3 次尝试, 标准连接): 192.168.18.128:19530
2026-05-10 19:48:28,011 - database - INFO - ✅ Milvus 连接成功，版本: 2.6.9
2026-05-10 19:48:28,012 - database - INFO - 📚 初始化 11 个角色知识库集合...
2026-05-10 19:48:28,150 - database - INFO - ✅ 角色知识库集合初始化完成
2026-05-10 19:48:28,162 - database - INFO - ✅ 长期记忆集合初始化完成
2026-05-10 19:48:28,174 - database - INFO - ✅ 股票数据集合初始化完成
2026-05-10 19:48:28,174 - __main__ - INFO - ✅ Milvus 向量数据库初始化成功
2026-05-10 19:48:28,174 - __main__ - INFO - 🔄 初始化角色知识库...
2026-05-10 19:48:28,356 - __main__ - INFO - ✅ 角色知识库初始化完成
2026-05-10 19:48:28,356 - __main__ - INFO - 🧠 加载向量化模型...
2026-05-10 19:48:28,356 - utils - INFO - 加载 BGE-m3 模型: D:\模型\bge_m3_model
2026-05-10 19:48:39,551 - sentence_transformers.SentenceTransformer - INFO - Use pytorch device_name: cpu
2026-05-10 19:48:39,551 - sentence_transformers.SentenceTransformer - INFO - Load pretrained SentenceTransformer: D:\模型\bge_m3_model
2026-05-10 19:48:39,551 - sentence_transformers.SentenceTransformer - WARNING - No sentence-transformers model found with name D:\模型\bge_m3_model. Creating a new one with mean pooling.
2026-05-10 19:48:40,387 - utils - INFO - ✅ BGE-m3 模型加载成功
2026-05-10 19:48:40,388 - __main__ - INFO - ✅ BGE-m3 向量化模型加载成功
2026-05-10 19:48:40,388 - utils - INFO - 加载 BGE-reranker 模型: D:\模型\bge-reranker-base
2026-05-10 19:48:40,465 - utils - INFO - 使用设备: cpu
2026-05-10 19:48:41,823 - utils - INFO - ✅ BGE-reranker 模型加载成功
2026-05-10 19:48:41,823 - __main__ - INFO - ✅ BGE-reranker 重排序模型加载成功
2026-05-10 19:48:41,823 - __main__ - INFO - 🔌 加载 Redis 客户端...
2026-05-10 19:48:41,823 - utils - INFO - 连接 Redis: localhost:6379
2026-05-10 19:48:43,920 - utils - INFO - ✅ Redis 连接成功
2026-05-10 19:48:43,920 - __main__ - INFO - ✅ Redis 客户端加载成功
2026-05-10 19:48:43,920 - __main__ - INFO - 🎉 服务初始化完成
2026-05-10 19:48:43,920 - __main__ - INFO - 🏗️ 创建 FastAPI 应用...
2026-05-10 19:48:43,921 - __main__ - INFO - 📡 注册 API 路由...
2026-05-10 19:48:43,923 - __main__ - ERROR - ❌ 服务启动失败: attempted relative import with no known parent package
Traceback (most recent call last):
  File "D:\桌面\ai对话系统\project_root\last_duan\api.py", line 59, in <module>
    from database import (
ImportError: cannot import name 'retrieve_long_term_memory' from 'database' (D:\桌面\ai对话系统\project_root\last_duan\database.py)

During handling of the above exception, another exception occurred:

Traceback (most recent call last):
  File "D:\桌面\ai对话系统\project_root\last_duan\main.py", line 181, in main
    app = create_app()
  File "D:\桌面\ai对话系统\project_root\last_duan\main.py", line 162, in create_app
    import api
  File "D:\桌面\ai对话系统\project_root\last_duan\api.py", line 71, in <module>
    from .database import (
ImportError: attempted relative import with no known parent package
2026-05-10 19:48:58,417 - database - INFO - MySQL 数据库初始化完成
2026-05-10 19:48:58,418 - __main__ - INFO - ✅ MySQL 数据库初始化成功
2026-05-10 19:48:58,418 - __main__ - INFO - 📚 初始化 Milvus 向量数据库...
2026-05-10 19:48:58,697 - database - INFO - 📋 Milvus 配置信息: host=192.168.18.128, port=19530, ssl=False, timeout=30s
2026-05-10 19:48:58,697 - database - INFO - 🔄 连接 Milvus (第 1/3 次尝试, 标准连接): 192.168.18.128:19530
2026-05-10 19:48:58,725 - database - INFO - ✅ Milvus 连接成功，版本: 2.6.9
2026-05-10 19:48:58,739 - database - INFO - 📚 初始化 11 个角色知识库集合...
2026-05-10 19:48:58,871 - database - INFO - ✅ 角色知识库集合初始化完成
2026-05-10 19:48:58,885 - database - INFO - ✅ 长期记忆集合初始化完成
2026-05-10 19:48:58,897 - database - INFO - ✅ 股票数据集合初始化完成
2026-05-10 19:48:58,897 - __main__ - INFO - ✅ Milvus 向量数据库初始化成功
2026-05-10 19:48:58,897 - __main__ - INFO - 🔄 初始化角色知识库...
2026-05-10 19:48:59,068 - __main__ - INFO - ✅ 角色知识库初始化完成
2026-05-10 19:48:59,069 - __main__ - INFO - 🧠 加载向量化模型...
2026-05-10 19:48:59,069 - utils - INFO - 加载 BGE-m3 模型: D:\模型\bge_m3_model
2026-05-10 19:49:11,590 - sentence_transformers.SentenceTransformer - INFO - Use pytorch device_name: cpu
2026-05-10 19:49:11,590 - sentence_transformers.SentenceTransformer - INFO - Load pretrained SentenceTransformer: D:\模型\bge_m3_model
2026-05-10 19:49:11,591 - sentence_transformers.SentenceTransformer - WARNING - No sentence-transformers model found with name D:\模型\bge_m3_model. Creating a new one with mean pooling.
2026-05-10 19:49:12,424 - utils - INFO - ✅ BGE-m3 模型加载成功
2026-05-10 19:49:12,424 - __main__ - INFO - ✅ BGE-m3 向量化模型加载成功
2026-05-10 19:49:12,424 - utils - INFO - 加载 BGE-reranker 模型: D:\模型\bge-reranker-base
2026-05-10 19:49:12,523 - utils - INFO - 使用设备: cpu
2026-05-10 19:49:14,106 - utils - INFO - ✅ BGE-reranker 模型加载成功
2026-05-10 19:49:14,106 - __main__ - INFO - ✅ BGE-reranker 重排序模型加载成功
2026-05-10 19:49:14,106 - __main__ - INFO - 🔌 加载 Redis 客户端...
2026-05-10 19:49:14,106 - utils - INFO - 连接 Redis: localhost:6379
2026-05-10 19:49:16,228 - utils - INFO - ✅ Redis 连接成功
2026-05-10 19:49:16,229 - __main__ - INFO - ✅ Redis 客户端加载成功
2026-05-10 19:49:16,229 - __main__ - INFO - 🎉 服务初始化完成
2026-05-10 19:49:16,229 - __main__ - INFO - 🏗️ 创建 FastAPI 应用...
2026-05-10 19:49:16,230 - __main__ - INFO - 📡 注册 API 路由...
2026-05-10 19:49:16,231 - __main__ - ERROR - ❌ 服务启动失败: attempted relative import with no known parent package
Traceback (most recent call last):
  File "D:\桌面\ai对话系统\project_root\last_duan\api.py", line 59, in <module>
    from database import (
ImportError: cannot import name 'retrieve_long_term_memory' from 'database' (D:\桌面\ai对话系统\project_root\last_duan\database.py)

During handling of the above exception, another exception occurred:

Traceback (most recent call last):
  File "D:\桌面\ai对话系统\project_root\last_duan\main.py", line 181, in main
    app = create_app()
  File "D:\桌面\ai对话系统\project_root\last_duan\main.py", line 162, in create_app
    import api
  File "D:\桌面\ai对话系统\project_root\last_duan\api.py", line 71, in <module>
    from .database import (
ImportError: attempted relative import with no known parent package
2026-05-10 19:51:44,586 - database - INFO - MySQL 数据库初始化完成
2026-05-10 19:51:44,587 - __main__ - INFO - ✅ MySQL 数据库初始化成功
2026-05-10 19:51:44,587 - __main__ - INFO - 📚 初始化 Milvus 向量数据库...
2026-05-10 19:51:44,916 - database - INFO - 📋 Milvus 配置信息: host=192.168.18.128, port=19530, ssl=False, timeout=30s
2026-05-10 19:51:44,917 - database - INFO - 🔄 连接 Milvus (第 1/3 次尝试, 标准连接): 192.168.18.128:19530
2026-05-10 19:51:44,941 - database - INFO - ✅ Milvus 连接成功，版本: 2.6.9
2026-05-10 19:51:44,943 - database - INFO - 📚 初始化 11 个角色知识库集合...
2026-05-10 19:51:45,085 - database - INFO - ✅ 角色知识库集合初始化完成
2026-05-10 19:51:45,097 - database - INFO - ✅ 长期记忆集合初始化完成
2026-05-10 19:51:45,111 - database - INFO - ✅ 股票数据集合初始化完成
2026-05-10 19:51:45,111 - __main__ - INFO - ✅ Milvus 向量数据库初始化成功
2026-05-10 19:51:45,111 - __main__ - INFO - 🔄 初始化角色知识库...
2026-05-10 19:51:45,304 - __main__ - INFO - ✅ 角色知识库初始化完成
2026-05-10 19:51:45,304 - __main__ - INFO - 🧠 加载向量化模型...
2026-05-10 19:51:45,305 - utils - INFO - 加载 BGE-m3 模型: D:\模型\bge_m3_model
2026-05-10 19:52:01,441 - sentence_transformers.SentenceTransformer - INFO - Use pytorch device_name: cpu
2026-05-10 19:52:01,441 - sentence_transformers.SentenceTransformer - INFO - Load pretrained SentenceTransformer: D:\模型\bge_m3_model
2026-05-10 19:52:01,441 - sentence_transformers.SentenceTransformer - WARNING - No sentence-transformers model found with name D:\模型\bge_m3_model. Creating a new one with mean pooling.
2026-05-10 19:52:02,593 - utils - INFO - ✅ BGE-m3 模型加载成功
2026-05-10 19:52:02,593 - __main__ - INFO - ✅ BGE-m3 向量化模型加载成功
2026-05-10 19:52:02,593 - utils - INFO - 加载 BGE-reranker 模型: D:\模型\bge-reranker-base
2026-05-10 19:52:02,703 - utils - INFO - 使用设备: cpu
2026-05-10 19:52:04,585 - utils - INFO - ✅ BGE-reranker 模型加载成功
2026-05-10 19:52:04,585 - __main__ - INFO - ✅ BGE-reranker 重排序模型加载成功
2026-05-10 19:52:04,586 - __main__ - INFO - 🔌 加载 Redis 客户端...
2026-05-10 19:52:04,586 - utils - INFO - 连接 Redis: localhost:6379
2026-05-10 19:52:06,731 - utils - INFO - ✅ Redis 连接成功
2026-05-10 19:52:06,732 - __main__ - INFO - ✅ Redis 客户端加载成功
2026-05-10 19:52:06,732 - __main__ - INFO - 🎉 服务初始化完成
2026-05-10 19:52:06,732 - __main__ - INFO - 🏗️ 创建 FastAPI 应用...
2026-05-10 19:52:06,733 - __main__ - INFO - 📡 注册 API 路由...
2026-05-10 19:52:06,738 - last_duan.utils - INFO - 📦 last_duan 包加载成功
2026-05-10 19:52:06,762 - __main__ - INFO - ✅ FastAPI 应用创建完成
2026-05-10 19:52:06,763 - __main__ - INFO - 🚀 服务启动准备完成，端口: 8000
2026-05-10 19:52:54,057 - database - INFO - 用户登录成功: 13, 用户ID: 5
2026-05-10 19:53:00,314 - last_duan.api - INFO - 收到流式聊天请求: user_id=5, role_id=1, has_file=False
2026-05-10 19:53:00,316 - last_duan.api - INFO - 原问题: 帮我分析一下当前市场趋势... -> 改写后: 帮我分析一下当前市场趋势...
2026-05-10 19:53:03,287 - database - INFO - 开始重建 BM25 模型: financial_knowledge_role_1
2026-05-10 19:53:04,316 - database - INFO - BM25 模型重建完成: financial_knowledge_role_1，包含 10 条文档
2026-05-10 19:53:08,978 - httpx - INFO - HTTP Request: POST https://api.deepseek.com/v1/chat/completions "HTTP/1.1 200 OK"
2026-05-10 19:53:08,985 - last_duan.api - INFO - 开始流式输出...
2026-05-10 19:53:13,825 - last_duan.api - INFO - 流式输出完成，总长度: 569
2026-05-10 19:53:17,391 - database - INFO - 已存储长期记忆: user=5, role=1
2026-05-10 19:54:17,115 - last_duan.api - INFO - 收到流式聊天请求: user_id=5, role_id=4, has_file=False
2026-05-10 19:54:17,117 - last_duan.api - INFO - 原问题: 撞到东西，发青发紫... -> 改写后: 撞到东西，发青发紫...
2026-05-10 19:54:17,901 - database - INFO - 开始重建 BM25 模型: financial_knowledge_role_4
2026-05-10 19:54:17,942 - database - INFO - BM25 模型重建完成: financial_knowledge_role_4，包含 10 条文档
2026-05-10 19:54:19,353 - httpx - INFO - HTTP Request: POST https://api.deepseek.com/v1/chat/completions "HTTP/1.1 200 OK"
2026-05-10 19:54:19,354 - last_duan.api - INFO - 开始流式输出...
2026-05-10 19:54:28,066 - last_duan.api - INFO - 流式输出完成，总长度: 776
2026-05-10 19:54:32,177 - database - INFO - 已存储长期记忆: user=5, role=4
2026-05-10 20:47:07,485 - last_duan.api - INFO - 收到流式聊天请求: user_id=5, role_id=5, has_file=False
2026-05-10 20:47:07,512 - last_duan.api - INFO - 原问题: 给我讲个笑话... -> 改写后: 给我讲个笑话...
2026-05-10 20:47:11,847 - database - INFO - 开始重建 BM25 模型: financial_knowledge_role_5
2026-05-10 20:47:12,223 - database - INFO - BM25 模型重建完成: financial_knowledge_role_5，包含 10 条文档
2026-05-10 20:47:14,860 - httpx - INFO - HTTP Request: POST https://api.deepseek.com/v1/chat/completions "HTTP/1.1 200 OK"
2026-05-10 20:47:14,867 - last_duan.api - INFO - 开始流式输出...
2026-05-10 20:47:16,743 - last_duan.api - INFO - 流式输出完成，总长度: 147
2026-05-10 20:47:19,114 - database - INFO - 已存储长期记忆: user=5, role=5
2026-05-10 20:51:34,716 - __main__ - INFO - 🏗️ 创建 FastAPI 应用...
2026-05-10 20:51:34,724 - __main__ - INFO - 📡 注册 API 路由...
2026-05-10 20:51:34,849 - __main__ - INFO - ✅ FastAPI 应用创建完成
2026-05-10 20:51:46,724 - database - INFO - MySQL 数据库初始化完成
2026-05-10 20:51:46,724 - __main__ - INFO - ✅ MySQL 数据库初始化成功
2026-05-10 20:51:46,724 - __main__ - INFO - 📚 初始化 Milvus 向量数据库...
2026-05-10 20:51:47,341 - database - INFO - 📋 Milvus 配置信息: host=192.168.18.128, port=19530, ssl=False, timeout=30s
2026-05-10 20:51:47,342 - database - INFO - 🔄 连接 Milvus (第 1/3 次尝试, 标准连接): 192.168.18.128:19530
2026-05-10 20:51:47,414 - database - INFO - ✅ Milvus 连接成功，版本: 2.6.9
2026-05-10 20:51:47,418 - database - INFO - 📚 初始化 11 个角色知识库集合...
2026-05-10 20:51:47,609 - database - INFO - ✅ 角色知识库集合初始化完成
2026-05-10 20:51:47,624 - database - INFO - ✅ 长期记忆集合初始化完成
2026-05-10 20:51:47,640 - database - INFO - ✅ 股票数据集合初始化完成
2026-05-10 20:51:47,640 - __main__ - INFO - ✅ Milvus 向量数据库初始化成功
2026-05-10 20:51:47,640 - __main__ - INFO - 🔄 初始化角色知识库...
2026-05-10 20:51:47,869 - __main__ - INFO - ✅ 角色知识库初始化完成
2026-05-10 20:51:47,869 - __main__ - INFO - 🧠 加载向量化模型...
2026-05-10 20:51:47,869 - utils - INFO - 加载 BGE-m3 模型: D:\模型\bge_m3_model
2026-05-10 20:52:08,858 - sentence_transformers.SentenceTransformer - INFO - Use pytorch device_name: cpu
2026-05-10 20:52:08,858 - sentence_transformers.SentenceTransformer - INFO - Load pretrained SentenceTransformer: D:\模型\bge_m3_model
2026-05-10 20:52:08,859 - sentence_transformers.SentenceTransformer - WARNING - No sentence-transformers model found with name D:\模型\bge_m3_model. Creating a new one with mean pooling.
2026-05-10 20:52:09,923 - utils - INFO - ✅ BGE-m3 模型加载成功
2026-05-10 20:52:09,923 - __main__ - INFO - ✅ BGE-m3 向量化模型加载成功
2026-05-10 20:52:09,923 - utils - INFO - 加载 BGE-reranker 模型: D:\模型\bge-reranker-base
2026-05-10 20:52:10,035 - utils - INFO - 使用设备: cpu
2026-05-10 20:52:11,408 - utils - INFO - ✅ BGE-reranker 模型加载成功
2026-05-10 20:52:11,408 - __main__ - INFO - ✅ BGE-reranker 重排序模型加载成功
2026-05-10 20:52:11,408 - __main__ - INFO - 🔌 加载 Redis 客户端...
2026-05-10 20:52:11,408 - utils - INFO - 连接 Redis: localhost:6379
2026-05-10 20:52:13,548 - utils - INFO - ✅ Redis 连接成功
2026-05-10 20:52:13,548 - __main__ - INFO - ✅ Redis 客户端加载成功
2026-05-10 20:52:13,548 - __main__ - INFO - 🎉 服务初始化完成
2026-05-10 20:52:13,548 - __main__ - INFO - 🏗️ 创建 FastAPI 应用...
2026-05-10 20:52:13,549 - __main__ - INFO - 📡 注册 API 路由...
2026-05-10 20:52:13,554 - last_duan.utils - INFO - 📦 last_duan 包加载成功
2026-05-10 20:52:13,581 - __main__ - INFO - ✅ FastAPI 应用创建完成
2026-05-10 20:52:13,582 - __main__ - INFO - 🚀 服务启动准备完成，端口: 8000
2026-05-10 20:56:30,101 - __main__ - INFO - 🏗️ 创建 FastAPI 应用...
2026-05-10 20:56:30,101 - __main__ - INFO - 📡 注册 API 路由...
2026-05-10 20:56:30,108 - __main__ - INFO - ✅ FastAPI 应用创建完成
2026-05-10 20:56:36,477 - database - INFO - MySQL 数据库初始化完成
2026-05-10 20:56:36,477 - __main__ - INFO - ✅ MySQL 数据库初始化成功
2026-05-10 20:56:36,477 - __main__ - INFO - 📚 初始化 Milvus 向量数据库...
2026-05-10 20:56:36,968 - database - INFO - 📋 Milvus 配置信息: host=192.168.18.128, port=19530, ssl=False, timeout=30s
2026-05-10 20:56:36,969 - database - INFO - 🔄 连接 Milvus (第 1/3 次尝试, 标准连接): 192.168.18.128:19530
2026-05-10 20:56:37,002 - database - INFO - ✅ Milvus 连接成功，版本: 2.6.9
2026-05-10 20:56:37,026 - database - INFO - 📚 初始化 11 个角色知识库集合...
2026-05-10 20:56:37,232 - database - INFO - ✅ 角色知识库集合初始化完成
2026-05-10 20:56:37,250 - database - INFO - ✅ 长期记忆集合初始化完成
2026-05-10 20:56:37,268 - database - INFO - ✅ 股票数据集合初始化完成
2026-05-10 20:56:37,268 - __main__ - INFO - ✅ Milvus 向量数据库初始化成功
2026-05-10 20:56:37,268 - __main__ - INFO - 🔄 初始化角色知识库...
2026-05-10 20:56:37,512 - __main__ - INFO - ✅ 角色知识库初始化完成
2026-05-10 20:56:37,512 - __main__ - INFO - 🧠 加载向量化模型...
2026-05-10 20:56:37,512 - utils - INFO - 加载 BGE-m3 模型: D:\模型\bge_m3_model
2026-05-10 20:56:58,190 - sentence_transformers.SentenceTransformer - INFO - Use pytorch device_name: cpu
2026-05-10 20:56:58,190 - sentence_transformers.SentenceTransformer - INFO - Load pretrained SentenceTransformer: D:\模型\bge_m3_model
2026-05-10 20:56:58,191 - sentence_transformers.SentenceTransformer - WARNING - No sentence-transformers model found with name D:\模型\bge_m3_model. Creating a new one with mean pooling.
2026-05-10 20:56:59,294 - utils - INFO - ✅ BGE-m3 模型加载成功
2026-05-10 20:56:59,294 - __main__ - INFO - ✅ BGE-m3 向量化模型加载成功
2026-05-10 20:56:59,294 - utils - INFO - 加载 BGE-reranker 模型: D:\模型\bge-reranker-base
2026-05-10 20:56:59,462 - utils - INFO - 使用设备: cpu
2026-05-10 20:57:01,212 - utils - INFO - ✅ BGE-reranker 模型加载成功
2026-05-10 20:57:01,212 - __main__ - INFO - ✅ BGE-reranker 重排序模型加载成功
2026-05-10 20:57:01,212 - __main__ - INFO - 🔌 加载 Redis 客户端...
2026-05-10 20:57:01,212 - utils - INFO - 连接 Redis: localhost:6379
2026-05-10 20:57:03,334 - utils - INFO - ✅ Redis 连接成功
2026-05-10 20:57:03,334 - __main__ - INFO - ✅ Redis 客户端加载成功
2026-05-10 20:57:03,334 - __main__ - INFO - 🎉 服务初始化完成
2026-05-10 20:57:03,334 - __main__ - INFO - 🏗️ 创建 FastAPI 应用...
2026-05-10 20:57:03,335 - __main__ - INFO - 📡 注册 API 路由...
2026-05-10 20:57:03,339 - last_duan.utils - INFO - 📦 last_duan 包加载成功
2026-05-10 20:57:03,362 - __main__ - INFO - ✅ FastAPI 应用创建完成
2026-05-10 20:57:03,362 - __main__ - INFO - 🚀 服务启动准备完成，端口: 8000
2026-05-10 20:57:47,606 - __main__ - INFO - 🏗️ 创建 FastAPI 应用...
2026-05-10 20:57:47,607 - __main__ - INFO - 📡 注册 API 路由...
2026-05-10 20:57:47,615 - __main__ - INFO - ✅ FastAPI 应用创建完成
2026-05-10 20:57:51,658 - database - INFO - MySQL 数据库初始化完成
2026-05-10 20:57:51,658 - __main__ - INFO - ✅ MySQL 数据库初始化成功
2026-05-10 20:57:51,658 - __main__ - INFO - 📚 初始化 Milvus 向量数据库...
2026-05-10 20:57:52,030 - database - INFO - 📋 Milvus 配置信息: host=192.168.18.128, port=19530, ssl=False, timeout=30s
2026-05-10 20:57:52,030 - database - INFO - 🔄 连接 Milvus (第 1/3 次尝试, 标准连接): 192.168.18.128:19530
2026-05-10 20:57:52,055 - database - INFO - ✅ Milvus 连接成功，版本: 2.6.9
2026-05-10 20:57:52,059 - database - INFO - 📚 初始化 11 个角色知识库集合...
2026-05-10 20:57:52,237 - database - INFO - ✅ 角色知识库集合初始化完成
2026-05-10 20:57:52,257 - database - INFO - ✅ 长期记忆集合初始化完成
2026-05-10 20:57:52,276 - database - INFO - ✅ 股票数据集合初始化完成
2026-05-10 20:57:52,276 - __main__ - INFO - ✅ Milvus 向量数据库初始化成功
2026-05-10 20:57:52,276 - __main__ - INFO - 🔄 初始化角色知识库...
2026-05-10 20:57:52,526 - __main__ - INFO - ✅ 角色知识库初始化完成
2026-05-10 20:57:52,526 - __main__ - INFO - 🧠 加载向量化模型...
2026-05-10 20:57:52,526 - utils - INFO - 加载 BGE-m3 模型: D:\模型\bge_m3_model
2026-05-10 20:58:03,292 - sentence_transformers.SentenceTransformer - INFO - Use pytorch device_name: cpu
2026-05-10 20:58:03,292 - sentence_transformers.SentenceTransformer - INFO - Load pretrained SentenceTransformer: D:\模型\bge_m3_model
2026-05-10 20:58:03,293 - sentence_transformers.SentenceTransformer - WARNING - No sentence-transformers model found with name D:\模型\bge_m3_model. Creating a new one with mean pooling.
2026-05-10 20:58:04,210 - utils - INFO - ✅ BGE-m3 模型加载成功
2026-05-10 20:58:04,210 - __main__ - INFO - ✅ BGE-m3 向量化模型加载成功
2026-05-10 20:58:04,210 - utils - INFO - 加载 BGE-reranker 模型: D:\模型\bge-reranker-base
2026-05-10 20:58:04,309 - utils - INFO - 使用设备: cpu
2026-05-10 20:58:05,629 - utils - INFO - ✅ BGE-reranker 模型加载成功
2026-05-10 20:58:05,629 - __main__ - INFO - ✅ BGE-reranker 重排序模型加载成功
2026-05-10 20:58:05,629 - __main__ - INFO - 🔌 加载 Redis 客户端...
2026-05-10 20:58:05,629 - utils - INFO - 连接 Redis: localhost:6379
2026-05-10 20:58:07,746 - utils - INFO - ✅ Redis 连接成功
2026-05-10 20:58:07,747 - __main__ - INFO - ✅ Redis 客户端加载成功
2026-05-10 20:58:07,747 - __main__ - INFO - 🎉 服务初始化完成
2026-05-10 20:58:07,747 - __main__ - INFO - 🏗️ 创建 FastAPI 应用...
2026-05-10 20:58:07,747 - __main__ - INFO - 📡 注册 API 路由...
2026-05-10 20:58:07,752 - last_duan.utils - INFO - 📦 last_duan 包加载成功
2026-05-10 20:58:07,771 - __main__ - INFO - ✅ FastAPI 应用创建完成
2026-05-10 20:58:07,771 - __main__ - INFO - 🚀 服务启动准备完成，端口: 8000
2026-05-10 20:59:29,075 - __main__ - INFO - 🏗️ 创建 FastAPI 应用...
2026-05-10 20:59:29,075 - __main__ - INFO - 📡 注册 API 路由...
2026-05-10 20:59:29,083 - __main__ - INFO - ✅ FastAPI 应用创建完成
2026-05-10 20:59:32,947 - database - INFO - MySQL 数据库初始化完成
2026-05-10 20:59:32,948 - __main__ - INFO - ✅ MySQL 数据库初始化成功
2026-05-10 20:59:32,948 - __main__ - INFO - 📚 初始化 Milvus 向量数据库...
2026-05-10 20:59:33,238 - database - INFO - 📋 Milvus 配置信息: host=192.168.18.128, port=19530, ssl=False, timeout=30s
2026-05-10 20:59:33,238 - database - INFO - 🔄 连接 Milvus (第 1/3 次尝试, 标准连接): 192.168.18.128:19530
2026-05-10 20:59:33,259 - database - INFO - ✅ Milvus 连接成功，版本: 2.6.9
2026-05-10 20:59:33,280 - database - INFO - 📚 初始化 11 个角色知识库集合...
2026-05-10 20:59:33,433 - database - INFO - ✅ 角色知识库集合初始化完成
2026-05-10 20:59:33,444 - database - INFO - ✅ 长期记忆集合初始化完成
2026-05-10 20:59:33,465 - database - INFO - ✅ 股票数据集合初始化完成
2026-05-10 20:59:33,465 - __main__ - INFO - ✅ Milvus 向量数据库初始化成功
2026-05-10 20:59:33,465 - __main__ - INFO - 🔄 初始化角色知识库...
2026-05-10 20:59:33,648 - __main__ - INFO - ✅ 角色知识库初始化完成
2026-05-10 20:59:33,648 - __main__ - INFO - 🧠 加载向量化模型...
2026-05-10 20:59:33,648 - utils - INFO - 加载 BGE-m3 模型: D:\模型\bge_m3_model
2026-05-10 20:59:45,131 - sentence_transformers.SentenceTransformer - INFO - Use pytorch device_name: cpu
2026-05-10 20:59:45,131 - sentence_transformers.SentenceTransformer - INFO - Load pretrained SentenceTransformer: D:\模型\bge_m3_model
2026-05-10 20:59:45,131 - sentence_transformers.SentenceTransformer - WARNING - No sentence-transformers model found with name D:\模型\bge_m3_model. Creating a new one with mean pooling.
2026-05-10 20:59:45,935 - utils - INFO - ✅ BGE-m3 模型加载成功
2026-05-10 20:59:45,935 - __main__ - INFO - ✅ BGE-m3 向量化模型加载成功
2026-05-10 20:59:45,935 - utils - INFO - 加载 BGE-reranker 模型: D:\模型\bge-reranker-base
2026-05-10 20:59:46,021 - utils - INFO - 使用设备: cpu
2026-05-10 20:59:47,436 - utils - INFO - ✅ BGE-reranker 模型加载成功
2026-05-10 20:59:47,436 - __main__ - INFO - ✅ BGE-reranker 重排序模型加载成功
2026-05-10 20:59:47,436 - __main__ - INFO - 🔌 加载 Redis 客户端...
2026-05-10 20:59:47,436 - utils - INFO - 连接 Redis: localhost:6379
2026-05-10 20:59:49,550 - utils - INFO - ✅ Redis 连接成功
2026-05-10 20:59:49,550 - __main__ - INFO - ✅ Redis 客户端加载成功
2026-05-10 20:59:49,550 - __main__ - INFO - 🎉 服务初始化完成
2026-05-10 20:59:49,550 - __main__ - INFO - 🏗️ 创建 FastAPI 应用...
2026-05-10 20:59:49,552 - __main__ - INFO - 📡 注册 API 路由...
2026-05-10 20:59:49,557 - last_duan.utils - INFO - 📦 last_duan 包加载成功
2026-05-10 20:59:49,575 - __main__ - INFO - ✅ FastAPI 应用创建完成
2026-05-10 20:59:49,576 - __main__ - INFO - 🚀 服务启动准备完成，端口: 8000
2026-05-10 22:30:09,877 - __main__ - INFO - 🏗️ 创建 FastAPI 应用...
2026-05-10 22:30:09,891 - __main__ - INFO - 📡 注册 API 路由...
2026-05-10 22:30:09,954 - __main__ - INFO - ✅ FastAPI 应用创建完成
2026-05-11 08:19:33,186 - database - INFO - MySQL 数据库初始化完成
2026-05-11 08:19:33,186 - __main__ - INFO - ✅ MySQL 数据库初始化成功
2026-05-11 08:19:33,186 - __main__ - INFO - 📚 初始化 Milvus 向量数据库...
2026-05-11 08:19:33,700 - database - INFO - 📋 Milvus 配置信息: host=192.168.18.128, port=19530, ssl=False, timeout=30s
2026-05-11 08:19:33,700 - database - INFO - 🔄 连接 Milvus (第 1/3 次尝试, 标准连接): 192.168.18.128:19530
2026-05-11 08:19:49,473 - database - INFO - ✅ Milvus 连接成功，版本: 2.6.9
2026-05-11 08:19:49,477 - database - INFO - 📚 初始化 11 个角色知识库集合...
2026-05-11 08:19:50,883 - database - INFO - ✅ 角色知识库集合初始化完成
2026-05-11 08:19:50,893 - database - INFO - ✅ 长期记忆集合初始化完成
2026-05-11 08:19:50,902 - database - INFO - ✅ 股票数据集合初始化完成
2026-05-11 08:19:50,902 - __main__ - INFO - ✅ Milvus 向量数据库初始化成功
2026-05-11 08:19:50,902 - __main__ - INFO - 🔄 初始化角色知识库...
2026-05-11 08:19:51,032 - __main__ - INFO - ✅ 角色知识库初始化完成
2026-05-11 08:19:51,032 - __main__ - INFO - 🧠 加载向量化模型...
2026-05-11 08:19:51,032 - utils - INFO - 加载 BGE-m3 模型: D:\模型\bge_m3_model
2026-05-11 08:20:32,142 - sentence_transformers.SentenceTransformer - INFO - Use pytorch device_name: cpu
2026-05-11 08:20:32,142 - sentence_transformers.SentenceTransformer - INFO - Load pretrained SentenceTransformer: D:\模型\bge_m3_model
2026-05-11 08:20:32,145 - sentence_transformers.SentenceTransformer - WARNING - No sentence-transformers model found with name D:\模型\bge_m3_model. Creating a new one with mean pooling.
2026-05-11 08:20:34,189 - utils - INFO - ✅ BGE-m3 模型加载成功
2026-05-11 08:20:34,189 - __main__ - INFO - ✅ BGE-m3 向量化模型加载成功
2026-05-11 08:20:34,190 - utils - INFO - 加载 BGE-reranker 模型: D:\模型\bge-reranker-base
2026-05-11 08:20:34,530 - utils - INFO - 使用设备: cpu
2026-05-11 08:20:38,306 - utils - INFO - ✅ BGE-reranker 模型加载成功
2026-05-11 08:20:38,306 - __main__ - INFO - ✅ BGE-reranker 重排序模型加载成功
2026-05-11 08:20:38,306 - __main__ - INFO - 🔌 加载 Redis 客户端...
2026-05-11 08:20:38,306 - utils - INFO - 连接 Redis: localhost:6379
2026-05-11 08:20:40,619 - utils - INFO - ✅ Redis 连接成功
2026-05-11 08:20:40,620 - __main__ - INFO - ✅ Redis 客户端加载成功
2026-05-11 08:20:40,620 - __main__ - INFO - 🎉 服务初始化完成
2026-05-11 08:20:40,620 - __main__ - INFO - 🏗️ 创建 FastAPI 应用...
2026-05-11 08:20:40,621 - __main__ - INFO - 📡 注册 API 路由...
2026-05-11 08:20:40,631 - last_duan.utils - INFO - 📦 last_duan 包加载成功
2026-05-11 08:20:40,722 - __main__ - INFO - ✅ FastAPI 应用创建完成
2026-05-11 08:20:40,722 - __main__ - INFO - 🚀 服务启动准备完成，端口: 8000
2026-05-11 08:21:48,849 - __main__ - INFO - 🏗️ 创建 FastAPI 应用...
2026-05-11 08:21:48,849 - __main__ - INFO - 📡 注册 API 路由...
2026-05-11 08:21:48,860 - __main__ - INFO - ✅ FastAPI 应用创建完成
2026-05-11 08:21:53,030 - database - INFO - MySQL 数据库初始化完成
2026-05-11 08:21:53,030 - __main__ - INFO - ✅ MySQL 数据库初始化成功
2026-05-11 08:21:53,030 - __main__ - INFO - 📚 初始化 Milvus 向量数据库...
2026-05-11 08:21:53,371 - database - INFO - 📋 Milvus 配置信息: host=192.168.18.128, port=19530, ssl=False, timeout=30s
2026-05-11 08:21:53,372 - database - INFO - 🔄 连接 Milvus (第 1/3 次尝试, 标准连接): 192.168.18.128:19530
2026-05-11 08:21:53,391 - database - INFO - ✅ Milvus 连接成功，版本: 2.6.9
2026-05-11 08:21:53,394 - database - INFO - 📚 初始化 11 个角色知识库集合...
2026-05-11 08:21:53,570 - database - INFO - ✅ 角色知识库集合初始化完成
2026-05-11 08:21:53,585 - database - INFO - ✅ 长期记忆集合初始化完成
2026-05-11 08:21:53,602 - database - INFO - ✅ 股票数据集合初始化完成
2026-05-11 08:21:53,602 - __main__ - INFO - ✅ Milvus 向量数据库初始化成功
2026-05-11 08:21:53,602 - __main__ - INFO - 🔄 初始化角色知识库...
2026-05-11 08:21:53,772 - __main__ - INFO - ✅ 角色知识库初始化完成
2026-05-11 08:21:53,773 - __main__ - INFO - 🧠 加载向量化模型...
2026-05-11 08:21:53,773 - utils - INFO - 加载 BGE-m3 模型: D:\模型\bge_m3_model
2026-05-11 08:22:08,137 - sentence_transformers.SentenceTransformer - INFO - Use pytorch device_name: cpu
2026-05-11 08:22:08,138 - sentence_transformers.SentenceTransformer - INFO - Load pretrained SentenceTransformer: D:\模型\bge_m3_model
2026-05-11 08:22:08,138 - sentence_transformers.SentenceTransformer - WARNING - No sentence-transformers model found with name D:\模型\bge_m3_model. Creating a new one with mean pooling.
2026-05-11 08:22:09,814 - utils - INFO - ✅ BGE-m3 模型加载成功
2026-05-11 08:22:09,814 - __main__ - INFO - ✅ BGE-m3 向量化模型加载成功
2026-05-11 08:22:09,814 - utils - INFO - 加载 BGE-reranker 模型: D:\模型\bge-reranker-base
2026-05-11 08:22:09,909 - utils - INFO - 使用设备: cpu
2026-05-11 08:22:11,678 - utils - INFO - ✅ BGE-reranker 模型加载成功
2026-05-11 08:22:11,678 - __main__ - INFO - ✅ BGE-reranker 重排序模型加载成功
2026-05-11 08:22:11,678 - __main__ - INFO - 🔌 加载 Redis 客户端...
2026-05-11 08:22:11,678 - utils - INFO - 连接 Redis: localhost:6379
2026-05-11 08:22:13,853 - utils - INFO - ✅ Redis 连接成功
2026-05-11 08:22:13,854 - __main__ - INFO - ✅ Redis 客户端加载成功
2026-05-11 08:22:13,854 - __main__ - INFO - 🎉 服务初始化完成
2026-05-11 08:22:13,854 - __main__ - INFO - 🏗️ 创建 FastAPI 应用...
2026-05-11 08:22:13,854 - __main__ - INFO - 📡 注册 API 路由...
2026-05-11 08:22:13,887 - __main__ - INFO - ✅ FastAPI 应用创建完成
2026-05-11 08:22:13,887 - __main__ - INFO - 🚀 服务启动准备完成，端口: 8000
2026-05-11 08:23:01,156 - database - INFO - 用户登录成功: 13, 用户ID: 5
2026-05-11 08:23:10,407 - api - INFO - 收到流式聊天请求: user_id=5, role_id=1, has_file=False
2026-05-11 08:23:10,410 - api - INFO - 原问题: 帮我分析一下当前市场趋势... -> 改写后: 帮我分析一下当前市场趋势...
2026-05-11 08:23:14,447 - database - INFO - 开始重建 BM25 模型: financial_knowledge_role_1
2026-05-11 08:23:16,097 - database - INFO - BM25 模型重建完成: financial_knowledge_role_1，包含 10 条文档
2026-05-11 08:23:21,091 - httpx - INFO - HTTP Request: POST https://api.deepseek.com/v1/chat/completions "HTTP/1.1 200 OK"
2026-05-11 08:23:21,091 - api - INFO - 开始流式输出...
2026-05-11 08:23:25,894 - api - INFO - 流式输出完成，总长度: 569
2026-05-11 08:23:29,082 - database - INFO - 已存储长期记忆: user=5, role=1
2026-05-11 08:29:48,346 - api - INFO - 收到流式聊天请求: user_id=5, role_id=8, has_file=False
2026-05-11 08:29:48,369 - api - INFO - 原问题: 校园欺凌... -> 改写后: 校园欺凌...
2026-05-11 08:29:51,465 - database - INFO - 开始重建 BM25 模型: financial_knowledge_role_8
2026-05-11 08:29:51,609 - database - INFO - BM25 模型重建完成: financial_knowledge_role_8，包含 10 条文档
2026-05-11 08:29:54,358 - httpx - INFO - HTTP Request: POST https://api.deepseek.com/v1/chat/completions "HTTP/1.1 200 OK"
2026-05-11 08:29:54,363 - api - INFO - 开始流式输出...
2026-05-11 08:30:06,600 - api - INFO - 流式输出完成，总长度: 1509
2026-05-11 08:30:13,511 - database - INFO - 已存储长期记忆: user=5, role=8
2026-05-11 08:32:18,731 - api - INFO - 收到流式聊天请求: user_id=5, role_id=6, has_file=False
2026-05-11 08:32:18,732 - api - INFO - 原问题: 上课很困很困很想睡觉... -> 改写后: 上课很困很困很想睡觉...
2026-05-11 08:32:19,547 - database - INFO - 开始重建 BM25 模型: financial_knowledge_role_6
2026-05-11 08:32:19,601 - database - INFO - BM25 模型重建完成: financial_knowledge_role_6，包含 10 条文档
2026-05-11 08:32:20,870 - httpx - INFO - HTTP Request: POST https://api.deepseek.com/v1/chat/completions "HTTP/1.1 200 OK"
2026-05-11 08:32:20,871 - api - INFO - 开始流式输出...
2026-05-11 08:32:22,638 - api - INFO - 流式输出完成，总长度: 131
2026-05-11 08:32:24,864 - database - INFO - 已存储长期记忆: user=5, role=6
2026-05-11 08:32:53,839 - api - INFO - 收到流式聊天请求: user_id=5, role_id=6, has_file=False
2026-05-11 08:32:53,839 - api - INFO - 原问题: 熬夜了... -> 改写后: 熬夜了...
2026-05-11 08:32:56,038 - httpx - INFO - HTTP Request: POST https://api.deepseek.com/v1/chat/completions "HTTP/1.1 200 OK"
2026-05-11 08:32:56,038 - api - INFO - 开始流式输出...
2026-05-11 08:32:58,122 - api - INFO - 流式输出完成，总长度: 128
2026-05-11 08:33:00,432 - database - INFO - 已存储长期记忆: user=5, role=6
2026-05-11 08:33:19,668 - api - INFO - 收到流式聊天请求: user_id=5, role_id=6, has_file=False
2026-05-11 08:33:19,670 - api - INFO - 原问题: 刷手机刷的停不下来... -> 改写后: 刷手机刷的停不下来...
2026-05-11 08:33:22,013 - httpx - INFO - HTTP Request: POST https://api.deepseek.com/v1/chat/completions "HTTP/1.1 200 OK"
2026-05-11 08:33:22,014 - api - INFO - 开始流式输出...
2026-05-11 08:33:23,936 - api - INFO - 流式输出完成，总长度: 179
2026-05-11 08:33:26,227 - database - INFO - 已存储长期记忆: user=5, role=6
2026-05-11 08:33:48,185 - api - INFO - 收到流式聊天请求: user_id=5, role_id=6, has_file=False
2026-05-11 08:33:48,186 - api - INFO - 原问题: 我在宿舍住... -> 改写后: 我在宿舍住...
2026-05-11 08:33:49,940 - httpx - INFO - HTTP Request: POST https://api.deepseek.com/v1/chat/completions "HTTP/1.1 200 OK"
2026-05-11 08:33:49,941 - api - INFO - 开始流式输出...
2026-05-11 08:33:52,336 - api - INFO - 流式输出完成，总长度: 159
2026-05-11 08:33:54,639 - database - INFO - 已存储长期记忆: user=5, role=6
2026-05-11 08:34:24,872 - api - INFO - 收到流式聊天请求: user_id=5, role_id=6, has_file=False
2026-05-11 08:34:24,874 - api - INFO - 原问题: 怎么设置、... -> 改写后: 怎么设置、...
2026-05-11 08:34:26,572 - httpx - INFO - HTTP Request: POST https://api.deepseek.com/v1/chat/completions "HTTP/1.1 200 OK"
2026-05-11 08:34:26,573 - api - INFO - 开始流式输出...
2026-05-11 08:34:28,718 - api - INFO - 流式输出完成，总长度: 198
2026-05-11 08:34:31,092 - database - INFO - 已存储长期记忆: user=5, role=6
2026-05-11 08:35:05,925 - api - INFO - 收到流式聊天请求: user_id=5, role_id=6, has_file=False
2026-05-11 08:35:05,926 - api - INFO - 原问题: 我的手机是小米17Pro... -> 改写后: 我的手机是小米17Pro...
2026-05-11 08:35:08,116 - httpx - INFO - HTTP Request: POST https://api.deepseek.com/v1/chat/completions "HTTP/1.1 200 OK"
2026-05-11 08:35:08,116 - api - INFO - 开始流式输出...
2026-05-11 08:35:09,739 - api - INFO - 流式输出完成，总长度: 144
2026-05-11 08:35:12,076 - database - INFO - 已存储长期记忆: user=5, role=6
2026-05-11 08:35:36,203 - api - INFO - 收到流式聊天请求: user_id=5, role_id=6, has_file=False
2026-05-11 08:35:36,204 - api - INFO - 原问题: 他可以设置定时吗... -> 改写后: 他可以设置定时吗...
2026-05-11 08:35:38,366 - httpx - INFO - HTTP Request: POST https://api.deepseek.com/v1/chat/completions "HTTP/1.1 200 OK"
2026-05-11 08:35:38,367 - api - INFO - 开始流式输出...
2026-05-11 08:35:40,811 - api - INFO - 流式输出完成，总长度: 219
2026-05-11 08:35:43,228 - database - INFO - 已存储长期记忆: user=5, role=6
2026-05-11 08:38:13,922 - api - INFO - 收到流式聊天请求: user_id=5, role_id=6, has_file=False
2026-05-11 08:38:13,923 - api - INFO - 原问题: 算了吧... -> 改写后: 算了吧...
2026-05-11 08:38:15,650 - httpx - INFO - HTTP Request: POST https://api.deepseek.com/v1/chat/completions "HTTP/1.1 200 OK"
2026-05-11 08:38:15,651 - api - INFO - 开始流式输出...
2026-05-11 08:38:17,005 - api - INFO - 流式输出完成，总长度: 88
2026-05-11 08:38:19,091 - database - INFO - 已存储长期记忆: user=5, role=6
2026-05-11 08:38:35,639 - api - INFO - 收到流式聊天请求: user_id=5, role_id=6, has_file=False
2026-05-11 08:38:35,640 - api - INFO - 原问题: 好呀... -> 改写后: 好呀...
2026-05-11 08:38:37,354 - httpx - INFO - HTTP Request: POST https://api.deepseek.com/v1/chat/completions "HTTP/1.1 200 OK"
2026-05-11 08:38:37,355 - api - INFO - 开始流式输出...
2026-05-11 08:38:38,220 - api - INFO - 流式输出完成，总长度: 39
2026-05-11 08:38:40,119 - database - INFO - 已存储长期记忆: user=5, role=6
2026-05-11 08:38:51,483 - api - INFO - 收到流式聊天请求: user_id=5, role_id=6, has_file=False
2026-05-11 08:38:51,484 - api - INFO - 原问题: 最近老是刷到初代跑男... -> 改写后: 最近老是刷到初代跑男...
2026-05-11 08:38:53,264 - httpx - INFO - HTTP Request: POST https://api.deepseek.com/v1/chat/completions "HTTP/1.1 200 OK"
2026-05-11 08:38:53,264 - api - INFO - 开始流式输出...
2026-05-11 08:38:54,932 - api - INFO - 流式输出完成，总长度: 111
2026-05-11 08:38:57,053 - database - INFO - 已存储长期记忆: user=5, role=6
2026-05-11 08:39:16,745 - api - INFO - 收到流式聊天请求: user_id=5, role_id=6, has_file=False
2026-05-11 08:39:16,746 - api - INFO - 原问题: 刷到经典片段了... -> 改写后: 刷到经典片段了...
2026-05-11 08:39:18,786 - httpx - INFO - HTTP Request: POST https://api.deepseek.com/v1/chat/completions "HTTP/1.1 200 OK"
2026-05-11 08:39:18,786 - api - INFO - 开始流式输出...
2026-05-11 08:39:20,215 - api - INFO - 流式输出完成，总长度: 100
2026-05-11 08:39:22,365 - database - INFO - 已存储长期记忆: user=5, role=6
2026-05-11 08:40:03,593 - api - INFO - 收到流式聊天请求: user_id=5, role_id=6, has_file=False
2026-05-11 08:40:03,593 - api - INFO - 原问题: 我还刷到白鹿上热搜了，她的还说她是跑男一姐，这不是搞笑呢吗... -> 改写后: 我还刷到白鹿上热搜了，她的还说她是跑男一姐，这不是搞笑呢吗...
2026-05-11 08:40:05,727 - httpx - INFO - HTTP Request: POST https://api.deepseek.com/v1/chat/completions "HTTP/1.1 200 OK"
2026-05-11 08:40:05,728 - api - INFO - 开始流式输出...
2026-05-11 08:40:07,927 - api - INFO - 流式输出完成，总长度: 166
2026-05-11 08:40:10,237 - database - INFO - 已存储长期记忆: user=5, role=6
2026-05-11 08:40:45,492 - api - INFO - 收到流式聊天请求: user_id=5, role_id=6, has_file=False
2026-05-11 08:40:45,493 - api - INFO - 原问题: 我觉得跑男一姐只有baby能够配得上... -> 改写后: 我觉得跑男一姐只有baby能够配得上...
2026-05-11 08:40:47,258 - httpx - INFO - HTTP Request: POST https://api.deepseek.com/v1/chat/completions "HTTP/1.1 200 OK"
2026-05-11 08:40:47,260 - api - INFO - 开始流式输出...
2026-05-11 08:40:49,315 - api - INFO - 流式输出完成，总长度: 170
2026-05-11 08:40:51,629 - database - INFO - 已存储长期记忆: user=5, role=6
2026-05-11 08:41:24,855 - api - INFO - 收到流式聊天请求: user_id=5, role_id=6, has_file=False
2026-05-11 08:41:24,856 - api - INFO - 原问题: baby又要出两个新代言你知道吗... -> 改写后: baby又要出两个新代言你知道吗...
2026-05-11 08:41:26,606 - httpx - INFO - HTTP Request: POST https://api.deepseek.com/v1/chat/completions "HTTP/1.1 200 OK"
2026-05-11 08:41:26,607 - api - INFO - 开始流式输出...
2026-05-11 08:41:28,015 - api - INFO - 流式输出完成，总长度: 122
2026-05-11 08:41:30,250 - database - INFO - 已存储长期记忆: user=5, role=6
2026-05-11 08:41:48,464 - api - INFO - 收到流式聊天请求: user_id=5, role_id=6, has_file=False
2026-05-11 08:41:48,465 - api - INFO - 原问题: 有一个纽芝兰的包包代言... -> 改写后: 有一个纽芝兰的包包代言...
2026-05-11 08:41:50,522 - httpx - INFO - HTTP Request: POST https://api.deepseek.com/v1/chat/completions "HTTP/1.1 200 OK"
2026-05-11 08:41:50,523 - api - INFO - 开始流式输出...
2026-05-11 08:41:52,256 - api - INFO - 流式输出完成，总长度: 144
2026-05-11 08:41:54,610 - database - INFO - 已存储长期记忆: user=5, role=6
2026-05-11 08:42:15,744 - api - INFO - 收到流式聊天请求: user_id=5, role_id=6, has_file=False
2026-05-11 08:42:15,745 - api - INFO - 原问题: 另一个是假睫毛的... -> 改写后: 另一个是假睫毛的...
2026-05-11 08:42:17,648 - httpx - INFO - HTTP Request: POST https://api.deepseek.com/v1/chat/completions "HTTP/1.1 200 OK"
2026-05-11 08:42:17,649 - api - INFO - 开始流式输出...
2026-05-11 08:42:19,632 - api - INFO - 流式输出完成，总长度: 170
2026-05-11 08:42:21,435 - database - INFO - 已存储长期记忆: user=5, role=6
2026-05-11 08:42:56,175 - api - INFO - 收到流式聊天请求: user_id=5, role_id=6, has_file=False
2026-05-11 08:42:56,176 - api - INFO - 原问题: 我已经准备好要买baby代言的包包了，等她官宣了之后... -> 改写后: 我已经准备好要买baby代言的包包了，等她官宣了之后...
2026-05-11 08:42:58,940 - httpx - INFO - HTTP Request: POST https://api.deepseek.com/v1/chat/completions "HTTP/1.1 200 OK"
2026-05-11 08:42:58,941 - api - INFO - 开始流式输出...
2026-05-11 08:43:01,328 - api - INFO - 流式输出完成，总长度: 142
2026-05-11 08:43:03,591 - database - INFO - 已存储长期记忆: user=5, role=6
2026-05-11 08:43:43,203 - api - INFO - 收到流式聊天请求: user_id=5, role_id=6, has_file=False
2026-05-11 08:43:43,204 - api - INFO - 原问题: 我已经看好啦，准备买一个双肩包... -> 改写后: 我已经看好啦，准备买一个双肩包...
2026-05-11 08:43:45,243 - httpx - INFO - HTTP Request: POST https://api.deepseek.com/v1/chat/completions "HTTP/1.1 200 OK"
2026-05-11 08:43:45,244 - api - INFO - 开始流式输出...
2026-05-11 08:43:46,994 - api - INFO - 流式输出完成，总长度: 113
2026-05-11 08:43:49,132 - database - INFO - 已存储长期记忆: user=5, role=6
2026-05-11 08:44:20,723 - api - INFO - 收到流式聊天请求: user_id=5, role_id=6, has_file=False
2026-05-11 08:44:20,724 - api - INFO - 原问题: 粉粉嫩嫩的... -> 改写后: 粉粉嫩嫩的...
2026-05-11 08:44:22,657 - httpx - INFO - HTTP Request: POST https://api.deepseek.com/v1/chat/completions "HTTP/1.1 200 OK"
2026-05-11 08:44:22,658 - api - INFO - 开始流式输出...
2026-05-11 08:44:24,415 - api - INFO - 流式输出完成，总长度: 122
2026-05-11 08:44:26,522 - database - INFO - 已存储长期记忆: user=5, role=6
2026-05-11 22:27:00,779 - __main__ - INFO - 🏗️ 创建 FastAPI 应用...
2026-05-11 22:27:00,820 - __main__ - INFO - 📡 注册 API 路由...
2026-05-11 22:27:01,140 - __main__ - INFO - ✅ FastAPI 应用创建完成
2026-05-13 19:15:01,639 - database - INFO - MySQL 数据库初始化完成
2026-05-13 19:15:01,641 - __main__ - INFO - ✅ MySQL 数据库初始化成功
2026-05-13 19:15:01,641 - __main__ - INFO - 📚 初始化 Milvus 向量数据库...
2026-05-13 19:15:02,374 - database - INFO - 📋 Milvus 配置信息: host=192.168.18.128, port=19530, ssl=False, timeout=30s
2026-05-13 19:15:02,374 - database - INFO - 🔄 连接 Milvus (第 1/3 次尝试, 标准连接): 192.168.18.128:19530
2026-05-13 19:15:32,538 - database - INFO - 🔄 连接 Milvus (第 1/3 次尝试, 无别名连接): 192.168.18.128:19530
2026-05-13 19:16:02,608 - database - WARNING - ❌ Milvus 连接失败 (尝试 1/3)
2026-05-13 19:16:02,608 - database - ERROR - 🔍 连接被拒绝！请检查：
2026-05-13 19:16:02,608 - database - ERROR -    1. Milvus 服务是否正在运行
2026-05-13 19:16:02,608 - database - ERROR -    2. Milvus 主机地址是否正确
2026-05-13 19:16:02,608 - database - ERROR -    3. Milvus 端口是否正确 (默认19530)
2026-05-13 19:16:02,608 - database - ERROR -    4. 防火墙是否允许访问
2026-05-13 19:16:02,608 - database - INFO - ⏳ 等待 2 秒后重试...
2026-05-13 19:16:04,616 - database - INFO - 🔄 连接 Milvus (第 2/3 次尝试, 标准连接): 192.168.18.128:19530
2026-05-13 19:16:34,676 - database - INFO - 🔄 连接 Milvus (第 2/3 次尝试, 无别名连接): 192.168.18.128:19530
2026-05-13 19:17:04,892 - database - WARNING - ❌ Milvus 连接失败 (尝试 2/3)
2026-05-13 19:17:04,893 - database - ERROR - 🔍 连接被拒绝！请检查：
2026-05-13 19:17:04,893 - database - ERROR -    1. Milvus 服务是否正在运行
2026-05-13 19:17:04,893 - database - ERROR -    2. Milvus 主机地址是否正确
2026-05-13 19:17:04,893 - database - ERROR -    3. Milvus 端口是否正确 (默认19530)
2026-05-13 19:17:04,893 - database - ERROR -    4. 防火墙是否允许访问
2026-05-13 19:17:04,893 - database - INFO - ⏳ 等待 2 秒后重试...
2026-05-13 19:17:06,895 - database - INFO - 🔄 连接 Milvus (第 3/3 次尝试, 标准连接): 192.168.18.128:19530
2026-05-13 19:17:37,110 - database - INFO - 🔄 连接 Milvus (第 3/3 次尝试, 无别名连接): 192.168.18.128:19530
2026-05-13 19:18:07,137 - database - WARNING - ❌ Milvus 连接失败 (尝试 3/3)
2026-05-13 19:18:07,137 - database - ERROR - 🔍 连接被拒绝！请检查：
2026-05-13 19:18:07,137 - database - ERROR -    1. Milvus 服务是否正在运行
2026-05-13 19:18:07,137 - database - ERROR -    2. Milvus 主机地址是否正确
2026-05-13 19:18:07,137 - database - ERROR -    3. Milvus 端口是否正确 (默认19530)
2026-05-13 19:18:07,137 - database - ERROR -    4. 防火墙是否允许访问
2026-05-13 19:18:07,137 - database - ERROR - ❌ Milvus 连接完全失败，错误: <MilvusException: (code=2, message=Fail connecting to server on 192.168.18.128:19530, illegal connection params or server unavailable)>
2026-05-13 19:18:07,138 - __main__ - WARNING - ⚠️ Milvus 向量数据库初始化失败（将使用本地缓存模式）: <MilvusException: (code=2, message=Fail connecting to server on 192.168.18.128:19530, illegal connection params or server unavailable)>
2026-05-13 19:18:07,138 - __main__ - INFO - 🔍 诊断 Milvus 连接问题...
2026-05-13 19:18:07,138 - database - INFO - 🔍 开始诊断 Milvus 连接...
2026-05-13 19:18:39,335 - __main__ - INFO -    ❌ 网络连接失败: 端口 19530 无法访问
2026-05-13 19:18:39,335 - __main__ - INFO -    ❌ Milvus 连接失败: <MilvusException: (code=2, message=Fail connecting to server on 192.168.18.128:19530, illegal connection params or server unavailable)>
2026-05-13 19:18:39,335 - __main__ - INFO -    💡 请检查 Milvus 服务是否正在运行
2026-05-13 19:18:39,335 - __main__ - INFO -    💡 请检查防火墙设置，确保端口 19530 已开放
2026-05-13 19:18:39,335 - __main__ - INFO -    💡 错误详情: <MilvusException: (code=2, message=Fail connecting to server on 192.168.18.128:19530, illegal connection params or server unavailable)>
2026-05-13 19:18:39,335 - __main__ - INFO - 🧠 加载向量化模型...
2026-05-13 19:18:39,337 - utils - INFO - 加载 BGE-m3 模型: D:\模型\bge_m3_model
2026-05-13 19:19:15,387 - sentence_transformers.SentenceTransformer - INFO - Use pytorch device_name: cpu
2026-05-13 19:19:15,387 - sentence_transformers.SentenceTransformer - INFO - Load pretrained SentenceTransformer: D:\模型\bge_m3_model
2026-05-13 19:19:15,389 - sentence_transformers.SentenceTransformer - WARNING - No sentence-transformers model found with name D:\模型\bge_m3_model. Creating a new one with mean pooling.
2026-05-13 19:19:16,415 - utils - INFO - ✅ BGE-m3 模型加载成功
2026-05-13 19:19:16,416 - __main__ - INFO - ✅ BGE-m3 向量化模型加载成功
2026-05-13 19:19:16,416 - utils - INFO - 加载 BGE-reranker 模型: D:\模型\bge-reranker-base
2026-05-13 19:19:16,535 - utils - INFO - 使用设备: cpu
2026-05-13 19:19:17,997 - utils - INFO - ✅ BGE-reranker 模型加载成功
2026-05-13 19:19:17,997 - __main__ - INFO - ✅ BGE-reranker 重排序模型加载成功
2026-05-13 19:19:17,998 - __main__ - INFO - 🔌 加载 Redis 客户端...
2026-05-13 19:19:17,998 - utils - INFO - 连接 Redis: localhost:6379
2026-05-13 19:19:20,143 - utils - INFO - ✅ Redis 连接成功
2026-05-13 19:19:20,143 - __main__ - INFO - ✅ Redis 客户端加载成功
2026-05-13 19:19:20,143 - __main__ - INFO - 🎉 服务初始化完成
2026-05-13 19:19:20,143 - __main__ - INFO - 🏗️ 创建 FastAPI 应用...
2026-05-13 19:19:20,143 - __main__ - INFO - 📡 注册 API 路由...
2026-05-13 19:19:20,170 - __main__ - INFO - ✅ FastAPI 应用创建完成
2026-05-13 19:19:20,170 - __main__ - INFO - 🚀 服务启动准备完成，端口: 8000
2026-05-13 19:26:37,696 - database - INFO - 用户登录成功: 13, 用户ID: 5
2026-05-13 22:29:42,865 - __main__ - INFO - 🏗️ 创建 FastAPI 应用...
2026-05-13 22:29:42,879 - __main__ - INFO - 📡 注册 API 路由...
2026-05-13 22:29:42,956 - __main__ - INFO - ✅ FastAPI 应用创建完成
2026-05-14 13:45:45,526 - database - INFO - MySQL 数据库初始化完成
2026-05-14 13:45:45,526 - __main__ - INFO - ✅ MySQL 数据库初始化成功
2026-05-14 13:45:45,526 - __main__ - INFO - 📚 初始化 Milvus 向量数据库...
2026-05-14 13:45:46,066 - database - INFO - 📋 Milvus 配置信息: host=192.168.18.128, port=19530, ssl=False, timeout=30s
2026-05-14 13:45:46,066 - database - INFO - 🔄 连接 Milvus (第 1/3 次尝试, 标准连接): 192.168.18.128:19530
2026-05-14 13:46:16,216 - database - INFO - 🔄 连接 Milvus (第 1/3 次尝试, 无别名连接): 192.168.18.128:19530
2026-05-14 13:46:46,422 - database - WARNING - ❌ Milvus 连接失败 (尝试 1/3)
2026-05-14 13:46:46,422 - database - ERROR - 🔍 连接被拒绝！请检查：
2026-05-14 13:46:46,422 - database - ERROR -    1. Milvus 服务是否正在运行
2026-05-14 13:46:46,422 - database - ERROR -    2. Milvus 主机地址是否正确
2026-05-14 13:46:46,422 - database - ERROR -    3. Milvus 端口是否正确 (默认19530)
2026-05-14 13:46:46,422 - database - ERROR -    4. 防火墙是否允许访问
2026-05-14 13:46:46,422 - database - INFO - ⏳ 等待 2 秒后重试...
2026-05-14 13:46:48,428 - database - INFO - 🔄 连接 Milvus (第 2/3 次尝试, 标准连接): 192.168.18.128:19530
2026-05-14 13:47:18,518 - database - INFO - 🔄 连接 Milvus (第 2/3 次尝试, 无别名连接): 192.168.18.128:19530
2026-05-14 13:47:48,594 - database - WARNING - ❌ Milvus 连接失败 (尝试 2/3)
2026-05-14 13:47:48,594 - database - ERROR - 🔍 连接被拒绝！请检查：
2026-05-14 13:47:48,594 - database - ERROR -    1. Milvus 服务是否正在运行
2026-05-14 13:47:48,594 - database - ERROR -    2. Milvus 主机地址是否正确
2026-05-14 13:47:48,595 - database - ERROR -    3. Milvus 端口是否正确 (默认19530)
2026-05-14 13:47:48,595 - database - ERROR -    4. 防火墙是否允许访问
2026-05-14 13:47:48,595 - database - INFO - ⏳ 等待 2 秒后重试...
2026-05-14 13:47:50,608 - database - INFO - 🔄 连接 Milvus (第 3/3 次尝试, 标准连接): 192.168.18.128:19530
2026-05-14 13:48:13,347 - database - INFO - MySQL 数据库初始化完成
2026-05-14 13:48:13,348 - __main__ - INFO - ✅ MySQL 数据库初始化成功
2026-05-14 13:48:13,348 - __main__ - INFO - 📚 初始化 Milvus 向量数据库...
2026-05-14 13:48:13,687 - __main__ - WARNING - ⚠️ Milvus 向量数据库初始化失败（将使用本地缓存模式）: <built-in function isinstance> returned a result with an error set
2026-05-14 13:48:13,687 - __main__ - INFO - 🔍 诊断 Milvus 连接问题...
2026-05-14 13:48:13,687 - database - INFO - 🔍 开始诊断 Milvus 连接...
2026-05-14 13:48:15,774 - __main__ - INFO -    ❌ 网络连接失败: 端口 19530 无法访问
2026-05-14 13:48:15,774 - __main__ - INFO -    ❌ 诊断过程出错: <built-in function isinstance> returned a result with an error set
2026-05-14 13:48:15,774 - __main__ - INFO -    💡 请检查 Milvus 服务是否正在运行
2026-05-14 13:48:15,774 - __main__ - INFO -    💡 请检查防火墙设置，确保端口 19530 已开放
2026-05-14 13:48:15,775 - __main__ - INFO - 🧠 加载向量化模型...
2026-05-14 13:48:15,775 - utils - INFO - 加载 BGE-m3 模型: D:\模型\bge_m3_model
2026-05-14 13:48:44,218 - utils - ERROR - ❌ BGE-m3 模型加载失败: <built-in function isinstance> returned a result with an error set
2026-05-14 13:48:44,218 - __main__ - ERROR - ❌ 向量化模型加载失败: <built-in function isinstance> returned a result with an error set
2026-05-14 13:48:44,219 - utils - INFO - 加载 BGE-reranker 模型: D:\模型\bge-reranker-base
2026-05-14 13:48:45,469 - utils - WARNING - ⚠️ BGE-reranker 模型加载失败: <built-in function isinstance> returned a result with an error set
2026-05-14 13:48:45,471 - __main__ - INFO - ✅ BGE-reranker 重排序模型加载成功
2026-05-14 13:48:45,472 - __main__ - INFO - 🔌 加载 Redis 客户端...
2026-05-14 13:48:45,472 - utils - INFO - 连接 Redis: localhost:6379
2026-05-14 13:48:47,636 - utils - INFO - ✅ Redis 连接成功
2026-05-14 13:48:47,636 - __main__ - INFO - ✅ Redis 客户端加载成功
2026-05-14 13:48:47,636 - __main__ - INFO - 🎉 服务初始化完成
2026-05-14 13:48:47,636 - __main__ - INFO - 🏗️ 创建 FastAPI 应用...
2026-05-14 13:48:47,637 - __main__ - INFO - 📡 注册 API 路由...
2026-05-14 13:48:47,654 - __main__ - INFO - ✅ FastAPI 应用创建完成
2026-05-14 13:48:47,654 - __main__ - INFO - 🚀 服务启动准备完成，端口: 8000
2026-05-14 13:50:05,240 - database - INFO - 用户登录成功: 13, 用户ID: 5
2026-05-14 13:50:16,930 - api - INFO - 收到流式聊天请求: user_id=5, role_id=4, has_file=False
2026-05-14 13:50:19,689 - httpx - INFO - HTTP Request: POST https://api.deepseek.com/v1/chat/completions "HTTP/1.1 200 OK"
2026-05-14 13:50:20,051 - utils - INFO - Query改写: 原问题='你好...' -> 改写后='你好...'
2026-05-14 13:50:20,051 - api - INFO - 原问题: 你好... -> 改写后: 你好...
2026-05-14 13:50:20,259 - httpx - INFO - HTTP Request: POST https://api.deepseek.com/v1/chat/completions "HTTP/1.1 200 OK"
2026-05-14 13:50:20,267 - api - INFO - 开始流式输出...
2026-05-14 13:50:21,099 - api - INFO - 流式输出完成，总长度: 20
2026-05-14 13:50:21,127 - api - WARNING - 流式回答落库失败: <built-in function isinstance> returned a result with an error set
2026-05-14 13:50:40,174 - api - INFO - 收到流式聊天请求: user_id=5, role_id=4, has_file=False
2026-05-14 13:50:40,429 - httpx - INFO - HTTP Request: POST https://api.deepseek.com/v1/chat/completions "HTTP/1.1 200 OK"
2026-05-14 13:50:40,947 - utils - INFO - Query改写: 原问题='感冒发烧...' -> 改写后='感冒发烧应该怎么处理？...'
2026-05-14 13:50:40,947 - api - INFO - 原问题: 感冒发烧... -> 改写后: 感冒发烧应该怎么处理？...
2026-05-14 13:50:41,438 - httpx - INFO - HTTP Request: POST https://api.deepseek.com/v1/chat/completions "HTTP/1.1 200 OK"
2026-05-14 13:50:41,439 - api - INFO - 开始流式输出...
2026-05-14 13:50:46,473 - api - INFO - 流式输出完成，总长度: 729
2026-05-14 13:50:46,495 - api - WARNING - 流式回答落库失败: partially initialized module 'pandas' has no attribute '_pandas_parser_CAPI' (most likely due to a circular import)
2026-05-14 13:54:35,253 - database - INFO - MySQL 数据库初始化完成
2026-05-14 13:54:35,253 - __main__ - INFO - ✅ MySQL 数据库初始化成功
2026-05-14 13:54:35,253 - __main__ - INFO - 📚 初始化 Milvus 向量数据库...
2026-05-14 13:54:35,530 - database - INFO - 📋 Milvus 配置信息: host=192.168.18.128, port=19530, ssl=False, timeout=30s
2026-05-14 13:54:35,530 - database - INFO - 🔄 连接 Milvus (第 1/3 次尝试, 标准连接): 192.168.18.128:19530
2026-05-14 13:54:48,977 - database - INFO - MySQL 数据库初始化完成
2026-05-14 13:54:48,978 - __main__ - INFO - ✅ MySQL 数据库初始化成功
2026-05-14 13:54:48,978 - __main__ - INFO - 📚 初始化 Milvus 向量数据库...
2026-05-14 13:54:49,251 - database - INFO - 📋 Milvus 配置信息: host=192.168.18.128, port=19530, ssl=False, timeout=30s
2026-05-14 13:54:49,253 - database - INFO - 🔄 连接 Milvus (第 1/3 次尝试, 标准连接): 192.168.18.128:19530
2026-05-14 13:55:19,471 - database - INFO - 🔄 连接 Milvus (第 1/3 次尝试, 无别名连接): 192.168.18.128:19530
2026-05-14 13:55:49,537 - database - WARNING - ❌ Milvus 连接失败 (尝试 1/3)
2026-05-14 13:55:49,537 - database - ERROR - 🔍 连接被拒绝！请检查：
2026-05-14 13:55:49,537 - database - ERROR -    1. Milvus 服务是否正在运行
2026-05-14 13:55:49,537 - database - ERROR -    2. Milvus 主机地址是否正确
2026-05-14 13:55:49,537 - database - ERROR -    3. Milvus 端口是否正确 (默认19530)
2026-05-14 13:55:49,537 - database - ERROR -    4. 防火墙是否允许访问
2026-05-14 13:55:49,539 - database - INFO - ⏳ 等待 2 秒后重试...
2026-05-14 13:55:51,546 - database - INFO - 🔄 连接 Milvus (第 2/3 次尝试, 标准连接): 192.168.18.128:19530
2026-05-14 13:56:21,562 - database - INFO - 🔄 连接 Milvus (第 2/3 次尝试, 无别名连接): 192.168.18.128:19530
2026-05-14 13:56:51,569 - database - WARNING - ❌ Milvus 连接失败 (尝试 2/3)
2026-05-14 13:56:51,570 - database - ERROR - 🔍 连接被拒绝！请检查：
2026-05-14 13:56:51,570 - database - ERROR -    1. Milvus 服务是否正在运行
2026-05-14 13:56:51,570 - database - ERROR -    2. Milvus 主机地址是否正确
2026-05-14 13:56:51,570 - database - ERROR -    3. Milvus 端口是否正确 (默认19530)
2026-05-14 13:56:51,570 - database - ERROR -    4. 防火墙是否允许访问
2026-05-14 13:56:51,570 - database - INFO - ⏳ 等待 2 秒后重试...
2026-05-14 13:56:53,580 - database - INFO - 🔄 连接 Milvus (第 3/3 次尝试, 标准连接): 192.168.18.128:19530
2026-05-14 13:57:23,794 - database - INFO - 🔄 连接 Milvus (第 3/3 次尝试, 无别名连接): 192.168.18.128:19530
2026-05-14 13:57:53,971 - database - WARNING - ❌ Milvus 连接失败 (尝试 3/3)
2026-05-14 13:57:53,971 - database - ERROR - 🔍 连接被拒绝！请检查：
2026-05-14 13:57:53,971 - database - ERROR -    1. Milvus 服务是否正在运行
2026-05-14 13:57:53,971 - database - ERROR -    2. Milvus 主机地址是否正确
2026-05-14 13:57:53,972 - database - ERROR -    3. Milvus 端口是否正确 (默认19530)
2026-05-14 13:57:53,972 - database - ERROR -    4. 防火墙是否允许访问
2026-05-14 13:57:53,972 - database - ERROR - ❌ Milvus 连接完全失败，错误: <MilvusException: (code=2, message=Fail connecting to server on 192.168.18.128:19530, illegal connection params or server unavailable)>
2026-05-14 13:57:53,972 - __main__ - WARNING - ⚠️ Milvus 向量数据库初始化失败（将使用本地缓存模式）: <MilvusException: (code=2, message=Fail connecting to server on 192.168.18.128:19530, illegal connection params or server unavailable)>
2026-05-14 13:57:53,972 - __main__ - INFO - 🔍 诊断 Milvus 连接问题...
2026-05-14 13:57:53,972 - database - INFO - 🔍 开始诊断 Milvus 连接...
2026-05-14 13:58:26,032 - __main__ - INFO -    ❌ 网络连接失败: 端口 19530 无法访问
2026-05-14 13:58:26,032 - __main__ - INFO -    ❌ Milvus 连接失败: <MilvusException: (code=2, message=Fail connecting to server on 192.168.18.128:19530, illegal connection params or server unavailable)>
2026-05-14 13:58:26,032 - __main__ - INFO -    💡 请检查 Milvus 服务是否正在运行
2026-05-14 13:58:26,032 - __main__ - INFO -    💡 请检查防火墙设置，确保端口 19530 已开放
2026-05-14 13:58:26,032 - __main__ - INFO -    💡 错误详情: <MilvusException: (code=2, message=Fail connecting to server on 192.168.18.128:19530, illegal connection params or server unavailable)>
2026-05-14 13:58:26,032 - __main__ - INFO - 🧠 加载向量化模型...
2026-05-14 13:58:26,032 - utils - INFO - 加载 BGE-m3 模型: D:\模型\bge_m3_model
2026-05-14 13:58:38,503 - sentence_transformers.SentenceTransformer - INFO - Use pytorch device_name: cpu
2026-05-14 13:58:38,503 - sentence_transformers.SentenceTransformer - INFO - Load pretrained SentenceTransformer: D:\模型\bge_m3_model
2026-05-14 13:58:38,504 - sentence_transformers.SentenceTransformer - WARNING - No sentence-transformers model found with name D:\模型\bge_m3_model. Creating a new one with mean pooling.
2026-05-14 13:58:39,525 - utils - INFO - ✅ BGE-m3 模型加载成功
2026-05-14 13:58:39,525 - __main__ - INFO - ✅ BGE-m3 向量化模型加载成功
2026-05-14 13:58:39,525 - utils - INFO - 加载 BGE-reranker 模型: D:\模型\bge-reranker-base
2026-05-14 13:58:39,633 - utils - INFO - 使用设备: cpu
2026-05-14 13:58:41,126 - utils - INFO - ✅ BGE-reranker 模型加载成功
2026-05-14 13:58:41,126 - __main__ - INFO - ✅ BGE-reranker 重排序模型加载成功
2026-05-14 13:58:41,126 - __main__ - INFO - 🔌 加载 Redis 客户端...
2026-05-14 13:58:41,126 - utils - INFO - 连接 Redis: localhost:6379
2026-05-14 13:58:43,233 - utils - INFO - ✅ Redis 连接成功
2026-05-14 13:58:43,233 - __main__ - INFO - ✅ Redis 客户端加载成功
2026-05-14 13:58:43,233 - __main__ - INFO - 🎉 服务初始化完成
2026-05-14 13:58:43,233 - __main__ - INFO - 🏗️ 创建 FastAPI 应用...
2026-05-14 13:58:43,234 - __main__ - INFO - 📡 注册 API 路由...
2026-05-14 13:58:43,254 - __main__ - INFO - ✅ FastAPI 应用创建完成
2026-05-14 13:58:43,254 - __main__ - INFO - 🚀 服务启动准备完成，端口: 8000
2026-05-14 14:12:29,999 - __main__ - INFO - 🏗️ 创建 FastAPI 应用...
2026-05-14 14:12:30,003 - __main__ - INFO - 📡 注册 API 路由...
2026-05-14 14:12:30,027 - __main__ - INFO - ✅ FastAPI 应用创建完成
2026-05-14 14:12:34,045 - database - INFO - MySQL 数据库初始化完成
2026-05-14 14:12:34,047 - __main__ - INFO - ✅ MySQL 数据库初始化成功
2026-05-14 14:12:34,047 - __main__ - INFO - 📚 初始化 Milvus 向量数据库...
2026-05-14 14:12:34,429 - database - INFO - 📋 Milvus 配置信息: host=192.168.18.128, port=19530, ssl=False, timeout=30s
2026-05-14 14:12:34,429 - database - INFO - 🔄 连接 Milvus (第 1/3 次尝试, 标准连接): 192.168.18.128:19530
2026-05-14 14:13:04,580 - database - INFO - 🔄 连接 Milvus (第 1/3 次尝试, 无别名连接): 192.168.18.128:19530
2026-05-14 14:13:34,591 - database - WARNING - ❌ Milvus 连接失败 (尝试 1/3)
2026-05-14 14:13:34,591 - database - ERROR - 🔍 连接被拒绝！请检查：
2026-05-14 14:13:34,591 - database - ERROR -    1. Milvus 服务是否正在运行
2026-05-14 14:13:34,592 - database - ERROR -    2. Milvus 主机地址是否正确
2026-05-14 14:13:34,592 - database - ERROR -    3. Milvus 端口是否正确 (默认19530)
2026-05-14 14:13:34,592 - database - ERROR -    4. 防火墙是否允许访问
2026-05-14 14:13:34,592 - database - INFO - ⏳ 等待 2 秒后重试...
2026-05-14 14:13:36,595 - database - INFO - 🔄 连接 Milvus (第 2/3 次尝试, 标准连接): 192.168.18.128:19530
2026-05-14 14:14:06,785 - database - INFO - 🔄 连接 Milvus (第 2/3 次尝试, 无别名连接): 192.168.18.128:19530
2026-05-14 14:14:56,621 - database - WARNING - ❌ Milvus 连接失败 (尝试 2/3)
2026-05-14 14:14:56,621 - database - ERROR - 🔍 连接被拒绝！请检查：
2026-05-14 14:14:56,621 - database - ERROR -    1. Milvus 服务是否正在运行
2026-05-14 14:14:56,621 - database - ERROR -    2. Milvus 主机地址是否正确
2026-05-14 14:14:56,621 - database - ERROR -    3. Milvus 端口是否正确 (默认19530)
2026-05-14 14:14:56,621 - database - ERROR -    4. 防火墙是否允许访问
2026-05-14 14:14:56,622 - database - INFO - ⏳ 等待 2 秒后重试...
2026-05-14 14:14:58,627 - database - INFO - 🔄 连接 Milvus (第 3/3 次尝试, 标准连接): 192.168.18.128:19530
2026-05-14 14:15:28,758 - database - INFO - 🔄 连接 Milvus (第 3/3 次尝试, 无别名连接): 192.168.18.128:19530
2026-05-14 14:15:58,853 - database - WARNING - ❌ Milvus 连接失败 (尝试 3/3)
2026-05-14 14:15:58,853 - database - ERROR - 🔍 连接被拒绝！请检查：
2026-05-14 14:15:58,853 - database - ERROR -    1. Milvus 服务是否正在运行
2026-05-14 14:15:58,853 - database - ERROR -    2. Milvus 主机地址是否正确
2026-05-14 14:15:58,853 - database - ERROR -    3. Milvus 端口是否正确 (默认19530)
2026-05-14 14:15:58,854 - database - ERROR -    4. 防火墙是否允许访问
2026-05-14 14:15:58,854 - database - INFO - 🔧 尝试使用本地存储模式...
2026-05-14 14:15:58,854 - database - INFO - 🔧 尝试使用本地存储模式连接...
2026-05-14 14:19:01,349 - database - INFO - MySQL 数据库初始化完成
2026-05-14 14:19:01,351 - __main__ - INFO - ✅ MySQL 数据库初始化成功
2026-05-14 14:19:01,351 - __main__ - INFO - 📚 初始化 Milvus 向量数据库...
2026-05-14 14:19:01,668 - database - INFO - 📋 Milvus 配置信息: host=192.168.18.128, port=19530, ssl=False, timeout=30s
2026-05-14 14:19:01,669 - database - INFO - 🔄 连接 Milvus (第 1/3 次尝试, 标准连接): 192.168.18.128:19530
2026-05-14 14:19:31,784 - database - INFO - 🔄 连接 Milvus (第 1/3 次尝试, 无别名连接): 192.168.18.128:19530
2026-05-14 14:20:01,930 - database - WARNING - ❌ Milvus 连接失败 (尝试 1/3)
2026-05-14 14:20:01,930 - database - ERROR - 🔍 连接被拒绝！请检查：
2026-05-14 14:20:01,930 - database - ERROR -    1. Milvus 服务是否正在运行
2026-05-14 14:20:01,930 - database - ERROR -    2. Milvus 主机地址是否正确
2026-05-14 14:20:01,930 - database - ERROR -    3. Milvus 端口是否正确 (默认19530)
2026-05-14 14:20:01,930 - database - ERROR -    4. 防火墙是否允许访问
2026-05-14 14:20:01,930 - database - INFO - ⏳ 等待 2 秒后重试...
2026-05-14 14:20:03,944 - database - INFO - 🔄 连接 Milvus (第 2/3 次尝试, 标准连接): 192.168.18.128:19530
2026-05-14 14:20:34,018 - database - INFO - 🔄 连接 Milvus (第 2/3 次尝试, 无别名连接): 192.168.18.128:19530
2026-05-14 14:21:04,037 - database - WARNING - ❌ Milvus 连接失败 (尝试 2/3)
2026-05-14 14:21:04,037 - database - ERROR - 🔍 连接被拒绝！请检查：
2026-05-14 14:21:04,037 - database - ERROR -    1. Milvus 服务是否正在运行
2026-05-14 14:21:04,037 - database - ERROR -    2. Milvus 主机地址是否正确
2026-05-14 14:21:04,037 - database - ERROR -    3. Milvus 端口是否正确 (默认19530)
2026-05-14 14:21:04,037 - database - ERROR -    4. 防火墙是否允许访问
2026-05-14 14:21:04,037 - database - INFO - ⏳ 等待 2 秒后重试...
2026-05-14 14:21:06,045 - database - INFO - 🔄 连接 Milvus (第 3/3 次尝试, 标准连接): 192.168.18.128:19530
2026-05-14 14:21:36,185 - database - INFO - 🔄 连接 Milvus (第 3/3 次尝试, 无别名连接): 192.168.18.128:19530
2026-05-14 14:22:06,307 - database - WARNING - ❌ Milvus 连接失败 (尝试 3/3)
2026-05-14 14:22:06,307 - database - ERROR - 🔍 连接被拒绝！请检查：
2026-05-14 14:22:06,307 - database - ERROR -    1. Milvus 服务是否正在运行
2026-05-14 14:22:06,307 - database - ERROR -    2. Milvus 主机地址是否正确
2026-05-14 14:22:06,307 - database - ERROR -    3. Milvus 端口是否正确 (默认19530)
2026-05-14 14:22:06,307 - database - ERROR -    4. 防火墙是否允许访问
2026-05-14 14:22:06,307 - database - ERROR - ❌ Milvus 连接完全失败，错误: <MilvusException: (code=2, message=Fail connecting to server on 192.168.18.128:19530, illegal connection params or server unavailable)>
2026-05-14 14:22:06,309 - __main__ - WARNING - ⚠️ Milvus 向量数据库初始化失败（将使用本地缓存模式）: <MilvusException: (code=2, message=Fail connecting to server on 192.168.18.128:19530, illegal connection params or server unavailable)>
2026-05-14 14:22:06,309 - __main__ - INFO - 🔍 诊断 Milvus 连接问题...
2026-05-14 14:22:06,309 - database - INFO - 🔍 开始诊断 Milvus 连接...
2026-05-14 14:22:38,470 - __main__ - INFO -    ❌ 网络连接失败: 端口 19530 无法访问
2026-05-14 14:22:38,471 - __main__ - INFO -    ❌ Milvus 连接失败: <MilvusException: (code=2, message=Fail connecting to server on 192.168.18.128:19530, illegal connection params or server unavailable)>
2026-05-14 14:22:38,471 - __main__ - INFO -    💡 请检查 Milvus 服务是否正在运行
2026-05-14 14:22:38,471 - __main__ - INFO -    💡 请检查防火墙设置，确保端口 19530 已开放
2026-05-14 14:22:38,471 - __main__ - INFO -    💡 错误详情: <MilvusException: (code=2, message=Fail connecting to server on 192.168.18.128:19530, illegal connection params or server unavailable)>
2026-05-14 14:22:38,471 - __main__ - INFO - 🧠 加载向量化模型...
2026-05-14 14:22:38,472 - utils - INFO - 加载 BGE-m3 模型: D:\模型\bge_m3_model
2026-05-14 14:22:51,631 - sentence_transformers.SentenceTransformer - INFO - Use pytorch device_name: cpu
2026-05-14 14:22:51,631 - sentence_transformers.SentenceTransformer - INFO - Load pretrained SentenceTransformer: D:\模型\bge_m3_model
2026-05-14 14:22:51,632 - sentence_transformers.SentenceTransformer - WARNING - No sentence-transformers model found with name D:\模型\bge_m3_model. Creating a new one with mean pooling.
2026-05-14 14:22:52,597 - utils - INFO - ✅ BGE-m3 模型加载成功
2026-05-14 14:22:52,598 - __main__ - INFO - ✅ BGE-m3 向量化模型加载成功
2026-05-14 14:22:52,598 - utils - INFO - 加载 BGE-reranker 模型: D:\模型\bge-reranker-base
2026-05-14 14:22:52,691 - utils - INFO - 使用设备: cpu
2026-05-14 14:22:54,188 - utils - INFO - ✅ BGE-reranker 模型加载成功
2026-05-14 14:22:54,188 - __main__ - INFO - ✅ BGE-reranker 重排序模型加载成功
2026-05-14 14:22:54,188 - __main__ - INFO - 🔌 加载 Redis 客户端...
2026-05-14 14:22:54,188 - utils - INFO - 连接 Redis: localhost:6379
2026-05-14 14:22:56,299 - utils - INFO - ✅ Redis 连接成功
2026-05-14 14:22:56,299 - __main__ - INFO - ✅ Redis 客户端加载成功
2026-05-14 14:22:56,299 - __main__ - INFO - 🎉 服务初始化完成
2026-05-14 14:22:56,300 - __main__ - INFO - 🏗️ 创建 FastAPI 应用...
2026-05-14 14:22:56,300 - __main__ - INFO - 📡 注册 API 路由...
2026-05-14 14:22:56,322 - __main__ - INFO - ✅ FastAPI 应用创建完成
2026-05-14 14:22:56,322 - __main__ - INFO - 🚀 服务启动准备完成，端口: 8000
2026-05-14 22:30:36,648 - __main__ - INFO - 🏗️ 创建 FastAPI 应用...
2026-05-14 22:30:36,671 - __main__ - INFO - 📡 注册 API 路由...
2026-05-14 22:30:36,762 - __main__ - INFO - ✅ FastAPI 应用创建完成
